meeting_key,session_key,driver_number,lap_number,date_start,duration_sector_1,duration_sector_2,duration_sector_3,i1_speed,i2_speed,is_pit_out_lap,lap_duration,segments_sector_1,segments_sector_2,segments_sector_3,st_speed
1239,9550,1,1,2024-06-30T13:03:02.157000+00:00,20.453,31.028,20.96,300.0,229.0,False,72.441,"[2048, 2051, 2051, 2051, 2049, 2049]","[2051, 2051, 2049, 2049, 2051, 2049, 2051]","[2051, 2051, 2049, 2051, 2049, 2049, 2051]",291.0
1239,9550,4,1,2024-06-30T13:03:02.157000+00:00,21.011,31.567,21.097,297.0,229.0,False,73.675,"[None, 2049, 2049, 2049, 2049, 2049]","[2049, 2049, 2049, 2049, 2049, 2049, 2049]","[2049, 2049, 2049, 2049, 2051, 2051, 2051]",289.0
1239,9550,11,1,2024-06-30T13:03:02.157000+00:00,22.344,32.476,21.802,308.0,222.0,False,76.622,"[2048, 2049, 2049, 2049, 2049, 2049]","[2049, 2049, 2049, 2049, 2049, 2049, 2049]","[2049, 2049, 2049, 2049, 2049, 2049, 2049]",295.0
1239,9550,16,1,2024-06-30T13:03:02.157000+00:00,22.843,32.797,26.871,301.0,219.0,False,82.511,"[None, 2049, 2049, 2049, 2049, 2049]","[2049, 2049, 2049, 2049, 2049, 2049, 2049]","[2049, 2049, 2049, 2049, 2064, 2064, 2064]",298.0
1239,9550,44,1,2024-06-30T13:03:02.157000+00:00,21.513,32.193,21.528,308.0,231.0,False,75.234,"[2048, 2049, 2049, 2049, 2049, 2049]","[2049, 2049, 2049, 2049, 2049, 2051, 2049]","[2049, 2049, 2049, 2049, 2049, 2049, 2049]",293.0
1239,9550,63,1,2024-06-30T13:03:02.157000+00:00,21.056,32.359,21.359,306.0,232.0,False,74.774,"[2048, 2049, 2049, 2049, 2049, 2049]","[2049, 2049, 2049, 2049, 2049, 2049, 2049]","[2049, 2049, 2051, 2049, 2049, 2049, 2051]",296.0
1239,9550,1,2,2024-06-30T13:04:14.597000+00:00,17.697,31.186,21.055,290.0,227.0,False,69.938,"[2049, 2049, 2048, 2049, 2049, 2048]","[2048, 2049, 2048, 2048, 2048, 2048, 2048]","[2048, 2048, 2048, 2048, 2049, 2051, 2048]",286.0
1239,9550,4,2,2024-06-30T13:04:15.831000+00:00,17.484,31.318,21.011,300.0,228.0,False,69.813,"[2049, 2049, 2051, 2049, 2049, 2049]","[2048, 2049, 2048, 2049, 2048, 2049, 2048]","[2048, 2049, 2051, 2049, 2048, 2048]",292.0
1239,9550,63,2,2024-06-30T13:04:16.930000+00:00,17.469,31.731,21.38,295.0,225.0,False,70.58,"[2049, 2051, 2049, 2049, 2048, 2048]","[2048, 2049, 2048, 2048, 2049, 2048, 2048]","[2049, 2048, 2048, 2049, 2049, 2049, 2051]",298.0
1239,9550,44,2,2024-06-30T13:04:17.390000+00:00,17.33,31.68,21.52,320.0,219.0,False,70.53,"[2049, 2049, 2049, 2049, 2049, 2049]","[2048, 2049, 2049, 2049, 2049, 2049, 2048]","[2048, 2048, 2049, 2048, 2048, 2049, 2051]",312.0
1239,9550,11,2,2024-06-30T13:04:18.778000+00:00,17.502,31.56,21.559,312.0,222.0,False,70.621,"[2049, 2049, 2049, 2049, 2049, 2049]","[2048, 2051, 2049, 2049, 2049, 2049, 2048]","[2049, 2049, 2049, 2049, 2049, 2048, 2049]",304.0
1239,9550,16,2,2024-06-30T13:04:24.667000+00:00,45.822,31.679,21.306,292.0,225.0,True,98.807,"[None, 2064, 2064, 2048, 2048, 2048]","[2049, 2049, 2048, 2048, 2049, 2048, 2049]","[2049, 2049, 2049, 2049, 2051, 2049, 2049]",287.0
1239,9550,1,3,2024-06-30T13:05:24.628000+00:00,17.531,31.065,21.261,292.0,230.0,False,69.857,"[None, 2049, 2051, 2049, 2049, 2048]","[2048, 2048, 2048, 2048, 2048, 2049, 2048]","[2048, 2048, 2049, 2048, 2048, 2048, 2048]",286.0
1239,9550,4,3,2024-06-30T13:05:26.122000+00:00,17.583,31.63,21.315,296.0,225.0,False,70.528,"[2048, 2048, 2048, 2048, 2048, 2048]","[2048, 2048, 2048, 2048, 2048, 2048, 2048]","[2048, 2048, 2048, 2048, 2048, 2048, 2048]",288.0
1239,9550,63,3,2024-06-30T13:05:27.617000+00:00,17.801,31.483,21.157,287.0,224.0,False,70.441,"[2048, 2048, 2048, 2048, 2048, 2048]","[2048, 2048, 2049, 2049, 2049, 2048, 2049]","[2049, 2049, 2048, 2049, 2049, 2048, 2048]",308.0
1239,9550,44,3,2024-06-30T13:05:28.053000+00:00,17.378,31.936,21.409,318.0,233.0,False,70.723,"[2049, 2048, 2048, 2048, 2049, 2048]","[2049, 2048, 2048, 2048, 2048, 2048, 2048]","[2049, 2048, 2049, 2049, 2048, 2049, 2051]",289.0
1239,9550,11,3,2024-06-30T13:05:29.434000+00:00,17.235,31.783,21.701,310.0,222.0,False,70.719,"[2049, 2049, 2049, 2048, 2049, 2049]","[2048, 2048, 2048, 2049, 2048, 2048, 2049]","[2048, 2048, 2048, 2049, 2049, 2048, 2049]",300.0
1239,9550,16,3,2024-06-30T13:06:03.570000+00:00,17.709,31.676,21.353,295.0,226.0,False,70.738,"[2049, 2049, 2049, 2049, 2049, 2048]","[2049, 2048, 2048, 2048, 2049, 2048, 2048]","[2048, 2048, 2049, 2048, 2048, 2049, 2048]",287.0
1239,9550,1,4,2024-06-30T13:06:34.454000+00:00,17.571,31.18,21.152,293.0,230.0,False,69.903,"[2048, 2048, 2048, 2049, 2048, 2049]","[2048, 2048, 2048, 2048, 2048, 2048, 2048]","[2048, 2048, 2049, 2048, 2048, 2048, 2048]",289.0
1239,9550,4,4,2024-06-30T13:06:36.367000+00:00,17.651,31.55,21.188,291.0,228.0,False,70.389,"[2049, 2048, 2048, 2049, 2048, 2048]","[2048, 2048, 2048, 2048, 2048, 2048, 2048]","[2048, 2048, 2048, 2048, 2048, 2048, 2048]",285.0
1239,9550,63,4,2024-06-30T13:06:37.994000+00:00,17.555,31.631,21.281,296.0,228.0,False,70.467,"[2049, 2048, 2048, 2048, 2048, 2048]","[2048, 2048, 2048, 2048, 2048, 2048, 2049]","[2049, 2048, 2051, 2048, 2048, 2048, 2048]",289.0
1239,9550,44,4,2024-06-30T13:06:38.680000+00:00,17.336,31.922,21.363,309.0,229.0,False,70.621,"[2048, 2048, 2048, 2049, 2048, 2048]","[2048, 2048, 2048, 2048, 2048, 2048, 2049]","[2049, 2048, 2049, 2049, 2049, 2048, 2048]",297.0
1239,9550,11,4,2024-06-30T13:06:40.213000+00:00,17.394,31.724,21.673,307.0,221.0,False,70.791,"[None, 2048, 2048, 2048, 2048, 2048]","[2049, 2048, 2048, 2048, 2049, 2048, 2048]","[2048, 2048, 2048, 2048, 2049, 2048, 2049]",305.0
1239,9550,16,4,2024-06-30T13:07:14.238000+00:00,17.685,31.248,21.393,,227.0,False,70.326,"[2048, 2049, 2049, 2048, 2049, 2048]","[2049, 2049, 2048, 2048, 2049, 2048, 2049]","[2048, 2048, 2048, 2048, 2048, 2048, 2048]",289.0
1239,9550,1,5,2024-06-30T13:07:44.347000+00:00,17.674,31.153,21.178,,230.0,False,70.005,"[2049, 2048, 2048, 2048, 2048, 2049]","[2048, 2048, 2048, 2049, 2048, 2048, 2048]","[2048, 2048, 2049, 2048, 2048, 2048, 2048]",291.0
1239,9550,4,5,2024-06-30T13:07:46.707000+00:00,17.683,31.491,21.25,293.0,228.0,False,70.424,"[2048, 2048, 2048, 2048, 2048, 2048]","[2048, 2048, 2048, 2048, 2048, 2048, 2048]","[2048, 2048, 2048, 2048, 2048, 2048, 2048]",287.0
1239,9550,63,5,2024-06-30T13:07:48.445000+00:00,17.61,31.332,21.251,294.0,224.0,False,70.193,"[2048, 2048, 2048, 2048, 2048, 2048]","[2048, 2048, 2048, 2048, 2048, 2049, 2049]","[2049, 2048, 2051, 2049, 2048, 2048, 2048]",294.0
1239,9550,44,5,2024-06-30T13:07:49.297000+00:00,17.32,31.679,21.477,313.0,228.0,False,70.476,"[2049, 2048, 2048, 2048, 2048, 2048]","[2048, 2048, 2048, 2048, 2048, 2048, 2049]","[2049, 2048, 2048, 2048, 2048, 2048, 2048]",299.0
1239,9550,11,5,2024-06-30T13:07:50.981000+00:00,17.38,31.562,21.697,312.0,222.0,False,70.639,"[2048, 2049, 2048, 2048, 2048, 2048]","[2048, 2048, 2048, 2048, 2049, 2048, 2049]","[2048, 2048, 2048, 2049, 2048, 2048, 2048]",305.0
1239,9550,16,5,2024-06-30T13:08:24.518000+00:00,17.705,31.508,21.472,296.0,225.0,False,70.685,"[None, 2049, 2048, 2048, 2049, 2048]","[2048, 2048, 2048, 2048, 2048, 2048, 2048]","[2049, 2048, 2049, 2048, 2048, 2048, 2049]",290.0
1239,9550,1,6,2024-06-30T13:08:54.405000+00:00,17.698,31.295,21.245,,229.0,False,70.238,"[2048, 2048, 2048, 2048, 2049, 2049]","[2048, 2048, 2048, 2048, 2048, 2048, 2048]","[2048, 2048, 2049, 2048, 2048, 2048, 2048]",289.0
1239,9550,4,6,2024-06-30T13:08:57.104000+00:00,17.725,31.383,21.221,295.0,229.0,False,70.329,"[None, 2048, 2048, 2048, 2048, 2048]","[2048, 2048, 2048, 2048, 2049, 2048, 2049]","[2048, 2048, 2048, 2048, 2048, 2048, 2048]",287.0
1239,9550,63,6,2024-06-30T13:08:58.691000+00:00,17.616,31.962,21.455,298.0,219.0,False,71.033,"[None, 2048, 2048, 2048, 2048, 2048]","[2048, 2048, 2048, 2048, 2048, 2048, 2048]","[2048, 2048, 2048, 2048, 2048, 2048, 2048]",285.0
1239,9550,44,6,2024-06-30T13:08:59.794000+00:00,18.363,32.206,21.468,282.0,231.0,False,72.037,"[2048, 2048, 2048, 2048, 2048, 2048]","[2048, 2048, 2048, 2048, 2048, 2048, 2048]","[2048, 2048, 2048, 2048, 2048, 2048, 2048]",302.0
1239,9550,11,6,2024-06-30T13:09:01.585000+00:00,17.7,31.832,21.688,296.0,221.0,False,71.22,"[None, 2048, 2048, 2048, 2048, 2048]","[2048, 2048, 2048, 2049, 2048, 2048, 2049]","[2048, 2048, 2049, 2048, 2049, 2048, 2048]",306.0
1239,9550,16,6,2024-06-30T13:09:35.203000+00:00,17.727,31.485,21.358,302.0,230.0,False,70.57,"[2049, 2049, 2048, 2048, 2048, 2049]","[2048, 2048, 2048, 2048, 2049, 2048, 2048]","[2049, 2048, 2049, 2048, 2048, 2048, 2049]",296.0
1239,9550,1,7,2024-06-30T13:10:04.606000+00:00,17.635,31.296,21.289,295.0,232.0,False,70.22,"[None, 2048, 2048, 2048, 2048, 2049]","[2048, 2048, 2048, 2049, 2048, 2049, 2048]","[2048, 2048, 2049, 2048, 2048, 2048, 2048]",291.0
1239,9550,4,7,2024-06-30T13:10:07.480000+00:00,17.72,31.624,21.195,296.0,230.0,False,70.539,"[None, 2048, 2048, 2048, 2048, 2048]","[2048, 2048, 2048, 2048, 2048, 2048, 2049]","[2049, 2049, 2048, 2048, 2048, 2048, 2048]",290.0
1239,9550,63,7,2024-06-30T13:10:09.738000+00:00,17.624,31.646,21.412,,230.0,False,70.682,"[None, 2048, 2048, 2048, 2048, 2048]","[2048, 2048, 2048, 2048, 2048, 2048, 2048]","[2048, 2048, 2048, 2048, 2048, 2048, 2048]",294.0
1239,9550,44,7,2024-06-30T13:10:11.817000+00:00,17.457,31.937,21.804,311.0,232.0,False,71.198,"[2049, 2048, 2048, 2048, 2048, 2048]","[2048, 2048, 2048, 2049, 2048, 2048, 2048]","[2048, 2048, 2048, 2048, 2048, 2048, 2048]",315.0
1239,9550,11,7,2024-06-30T13:10:12.790000+00:00,17.703,32.711,22.067,295.0,219.0,False,72.481,"[None, 2048, 2048, 2048, 2048, 2048]","[2049, 2048, 2048, 2048, 2048, 2048, 2048]","[2048, 2048, 2048, 2048, 2048, 2048, 2048]",299.0
1239,9550,16,7,2024-06-30T13:10:45.827000+00:00,17.827,31.544,21.509,295.0,225.0,False,70.88,"[2048, 2048, 2048, 2048, 2049, 2048]","[2048, 2048, 2048, 2048, 2048, 2048, 2048]","[2048, 2048, 2048, 2048, 2048, 2048, 2048]",288.0
1239,9550,1,8,2024-06-30T13:11:14.720000+00:00,17.75,31.375,21.206,293.0,230.0,False,70.331,"[None, 2048, 2048, 2048, 2048, 2048]","[2048, 2048, 2048, 2048, 2048, 2048, 2048]","[2048, 2048, 2048, 2048, 2048, 2048, 2048]",287.0
1239,9550,4,8,2024-06-30T13:11:18.068000+00:00,17.696,31.522,21.294,297.0,230.0,False,70.512,"[None, 2048, 2048, 2048, 2048, 2048]","[2048, 2048, 2048, 2049, 2048, 2048, 2048]","[2048, 2048, 2048, 2048, 2048, 2048, 2048]",290.0
1239,9550,63,8,2024-06-30T13:11:20.410000+00:00,17.696,31.695,21.264,,228.0,False,70.655,"[None, 2048, 2048, 2048, 2048, 2048]","[2048, 2048, 2048, 2048, 2048, 2048, 2048]","[2048, 2048, 2048, 2048, 2048, 2048, 2049]",290.0
1239,9550,44,8,2024-06-30T13:11:23.064000+00:00,17.502,32.089,21.619,320.0,223.0,False,71.21,"[2048, 2048, 2048, 2048, 2048, 2049]","[2048, 2048, 2048, 2048, 2048, 2048, 2048]","[2048, 2048, 2048, 2048, 2048, 2048, 2048]",303.0
1239,9550,11,8,2024-06-30T13:11:25.363000+00:00,17.533,32.3,21.893,311.0,220.0,False,71.726,"[None, 2048, 2048, 2048, 2048, 2048]","[2048, 2048, 2048, 2048, 2048, 2048, 2048]","[2048, 2048, 2048, 2048, 2048, 2048, 2048]",305.0
1239,9550,16,8,2024-06-30T13:11:56.693000+00:00,17.783,31.544,21.408,294.0,226.0,False,70.735,"[None, 2048, 2048, 2048, 2048, 2048]","[2048, 2048, 2048, 2048, 2048, 2048, 2048]","[2048, 2048, 2048, 2048, 2048, 2048, 2049]",289.0
1239,9550,1,9,2024-06-30T13:12:25.132000+00:00,17.71,31.475,21.415,,227.0,False,70.6,"[2049, 2048, 2048, 2048, 2048, 2048]","[2048, 2048, 2048, 2048, 2048, 2048, 2048]","[2048, 2048, 2048, 2048, 2048, 2048, 2048]",289.0
1239,9550,4,9,2024-06-30T13:12:28.465000+00:00,17.705,31.469,21.272,298.0,229.0,False,70.446,"[None, 2048, 2048, 2048, 2048, 2048]","[2048, 2048, 2048, 2049, 2048, 2048, 2048]","[2048, 2048, 2048, 2048, 2048, 2048, 2048]",291.0
1239,9550,63,9,2024-06-30T13:12:31.084000+00:00,17.626,31.611,21.391,299.0,229.0,False,70.628,"[2049, 2048, 2048, 2048, 2048, 2048]","[2048, 2048, 2048, 2048, 2048, 2048, 2048]","[2048, 2048, 2048, 2048, 2048, 2048, 2048]",293.0
1239,9550,44,9,2024-06-30T13:12:34.268000+00:00,17.489,31.921,21.571,316.0,231.0,False,70.981,"[None, 2048, 2048, 2048, 2048, 2048]","[2048, 2048, 2048, 2048, 2048, 2048, 2048]","[2048, 2048, 2048, 2048, 2048, 2048, 2048]",303.0
1239,9550,11,9,2024-06-30T13:12:37.057000+00:00,17.916,31.879,21.733,294.0,221.0,False,71.528,"[None, 2048, 2048, 2048, 2048, 2048]","[2048, 2048, 2048, 2048, 2048, 2048, 2049]","[2048, 2048, 2048, 2049, 2049, 2048, 2048]",289.0
1239,9550,16,9,2024-06-30T13:13:07.463000+00:00,17.782,31.551,21.473,297.0,222.0,False,70.806,"[None, 2048, 2048, 2049, 2049, 2048]","[2048, 2048, 2048, 2048, 2048, 2048, 2048]","[2049, 2048, 2048, 2048, 2048, 2048, 2049]",290.0
1239,9550,1,10,2024-06-30T13:13:35.778000+00:00,17.785,31.451,21.36,295.0,228.0,False,70.596,"[2048, 2048, 2048, 2048, 2048, 2048]","[2048, 2048, 2048, 2048, 2048, 2048, 2048]","[2048, 2048, 2049, 2048, 2048, 2048, 2048]",290.0
1239,9550,4,10,2024-06-30T13:13:38.948000+00:00,17.702,32.561,21.488,,229.0,False,71.751,"[None, 2048, 2048, 2048, 2048, 2048]","[2048, 2048, 2048, 2048, 2048, 2048, 2048]","[2048, 2048, 2048, 2048, 2048, 2048, 2048]",291.0
1239,9550,63,10,2024-06-30T13:13:41.617000+00:00,17.717,32.021,21.525,300.0,228.0,False,71.263,"[2048, 2048, 2048, 2048, 2048, 2048]","[2048, 2048, 2048, 2048, 2048, 2048, 2048]","[2048, 2048, 2048, 2048, 2048, 2048, 2048]",291.0
1239,9550,44,10,2024-06-30T13:13:45.212000+00:00,17.481,31.948,21.568,310.0,228.0,False,70.997,"[None, 2048, 2048, 2048, 2048, 2048]","[2048, 2048, 2048, 2048, 2048, 2048, 2048]","[2048, 2048, 2048, 2048, 2048, 2048, 2048]",310.0
1239,9550,11,10,2024-06-30T13:13:48.519000+00:00,17.806,32.014,21.786,295.0,219.0,False,71.606,"[None, 2048, 2048, 2048, 2048, 2048]","[2048, 2048, 2048, 2048, 2048, 2048, 2048]","[2048, 2048, 2049, 2049, 2048, 2048, 2048]",288.0
1239,9550,16,10,2024-06-30T13:14:18.278000+00:00,17.832,31.715,21.332,300.0,228.0,False,70.879,"[2049, 2048, 2048, 2048, 2048, 2048]","[2048, 2048, 2048, 2048, 2048, 2048, 2048]","[2049, 2049, 2049, 2048, 2048, 2048, 2048]",295.0
1239,9550,1,11,2024-06-30T13:14:46.362000+00:00,17.741,31.439,21.382,294.0,228.0,False,70.562,"[None, 2048, 2048, 2048, 2048, 2048]","[2048, 2048, 2048, 2048, 2048, 2048, 2048]","[2048, 2048, 2048, 2048, 2048, 2048, 2048]",289.0
1239,9550,4,11,2024-06-30T13:14:50.671000+00:00,17.77,31.712,21.362,299.0,229.0,False,70.844,"[None, 2048, 2048, 2048, 2048, 2048]","[2048, 2048, 2048, 2048, 2048, 2048, 2048]","[2048, 2048, 2048, 2048, 2048, 2048, 2048]",292.0
1239,9550,63,11,2024-06-30T13:14:52.881000+00:00,17.754,32.018,21.509,298.0,226.0,False,71.281,"[None, 2048, 2048, 2048, 2048, 2048]","[2048, 2048, 2048, 2048, 2048, 2048, 2048]","[2048, 2048, 2048, 2048, 2048, 2048, 2048]",288.0
1239,9550,44,11,2024-06-30T13:14:56.215000+00:00,17.546,31.925,21.746,311.0,229.0,False,71.217,"[None, 2048, 2048, 2048, 2048, 2048]","[2048, 2048, 2048, 2048, 2048, 2048, 2048]","[2048, 2048, 2048, 2048, 2048, 2048, 2048]",305.0
1239,9550,11,11,2024-06-30T13:15:00.107000+00:00,17.846,31.914,21.817,,222.0,False,71.577,"[None, 2048, 2048, 2048, 2048, 2048]","[2048, 2048, 2048, 2048, 2049, 2048, 2048]","[2048, 2048, 2048, 2048, 2049, 2048, 2048]",290.0
1239,9550,16,11,2024-06-30T13:15:29.069000+00:00,17.881,31.842,21.418,297.0,224.0,False,71.141,"[2048, 2048, 2048, 2048, 2049, 2048]","[2048, 2048, 2048, 2048, 2048, 2048, 2048]","[2048, 2049, 2048, 2048, 2048, 2048, 2049]",291.0
1239,9550,1,12,2024-06-30T13:15:56.834000+00:00,17.697,31.454,21.361,297.0,230.0,False,70.512,"[None, 2048, 2048, 2048, 2049, 2049]","[2048, 2048, 2048, 2048, 2048, 2048, 2048]","[2048, 2048, 2049, 2048, 2048, 2048, 2048]",289.0
1239,9550,4,12,2024-06-30T13:16:01.542000+00:00,17.753,31.76,21.372,,230.0,False,70.885,"[None, 2048, 2048, 2048, 2048, 2049]","[2048, 2048, 2048, 2048, 2048, 2048, 2048]","[2048, 2048, 2048, 2048, 2048, 2048, 2048]",291.0
1239,9550,63,12,2024-06-30T13:16:04.220000+00:00,17.76,31.876,21.499,302.0,230.0,False,71.135,"[None, 2048, 2048, 2048, 2048, 2048]","[2048, 2048, 2048, 2048, 2048, 2048, 2048]","[2048, 2048, 2048, 2048, 2048, 2048, 2048]",294.0
1239,9550,44,12,2024-06-30T13:16:07.392000+00:00,17.773,31.867,21.597,299.0,231.0,False,71.237,"[None, 2048, 2048, 2048, 2048, 2048]","[2048, 2048, 2048, 2048, 2049, 2048, 2049]","[2048, 2048, 2048, 2048, 2048, 2048, 2048]",294.0
1239,9550,11,12,2024-06-30T13:16:11.753000+00:00,17.879,32.081,21.732,296.0,225.0,False,71.692,"[None, 2048, 2048, 2048, 2048, 2048]","[2048, 2048, 2048, 2048, 2048, 2048, 2049]","[2048, 2048, 2048, 2048, 2048, 2048, 2048]",288.0
1239,9550,16,12,2024-06-30T13:16:40.222000+00:00,17.785,31.979,21.625,308.0,224.0,False,71.389,"[None, 2048, 2048, 2048, 2048, 2049]","[2048, 2048, 2048, 2049, 2048, 2048, 2048]","[2048, 2048, 2048, 2048, 2048, 2048, 2048]",306.0
1239,9550,1,13,2024-06-30T13:17:07.372000+00:00,17.771,31.754,21.43,292.0,227.0,False,70.955,"[None, 2048, 2048, 2048, 2048, 2048]","[2048, 2048, 2048, 2049, 2048, 2048, 2048]","[2048, 2048, 2049, 2048, 2048, 2048, 2048]",292.0
1239,9550,4,13,2024-06-30T13:17:12.385000+00:00,17.811,31.813,21.44,297.0,228.0,False,71.064,"[None, 2048, 2048, 2048, 2048, 2048]","[2048, 2048, 2048, 2049, 2048, 2048, 2048]","[2048, 2048, 2048, 2048, 2048, 2048, 2048]",292.0
1239,9550,63,13,2024-06-30T13:17:15.383000+00:00,17.788,32.033,21.5,299.0,228.0,False,71.321,"[None, 2048, 2048, 2048, 2048, 2048]","[2048, 2048, 2048, 2048, 2048, 2048, 2048]","[2048, 2048, 2048, 2048, 2048, 2048, 2048]",295.0
1239,9550,44,13,2024-06-30T13:17:18.682000+00:00,17.808,31.968,21.578,293.0,229.0,False,71.354,"[None, 2048, 2048, 2048, 2048, 2048]","[2048, 2048, 2048, 2048, 2049, 2048, 2048]","[2048, 2048, 2048, 2049, 2048, 2048, 2048]",294.0
1239,9550,11,13,2024-06-30T13:17:23.473000+00:00,17.931,31.887,21.764,292.0,222.0,False,71.582,"[None, 2048, 2048, 2048, 2048, 2048]","[2048, 2048, 2048, 2048, 2048, 2048, 2048]","[2048, 2048, 2048, 2048, 2048, 2048, 2048]",289.0
1239,9550,16,13,2024-06-30T13:17:51.652000+00:00,17.793,31.934,21.732,300.0,224.0,False,71.459,"[2049, 2048, 2048, 2048, 2049, 2048]","[2048, 2048, 2048, 2048, 2048, 2048, 2048]","[2048, 2048, 2048, 2048, 2048, 2048, 2048]",302.0
1239,9550,1,14,2024-06-30T13:18:18.395000+00:00,17.734,31.51,21.463,294.0,231.0,False,70.707,"[2049, 2048, 2048, 2048, 2048, 2048]","[2048, 2048, 2048, 2049, 2048, 2048, 2048]","[2048, 2048, 2048, 2048, 2048, 2048, 2048]",294.0
1239,9550,4,14,2024-06-30T13:18:23.451000+00:00,17.754,31.885,21.464,299.0,227.0,False,71.103,"[None, 2048, 2048, 2048, 2048, 2048]","[2048, 2048, 2048, 2048, 2048, 2048, 2048]","[2048, 2048, 2048, 2048, 2048, 2048, 2048]",291.0
1239,9550,63,14,2024-06-30T13:18:26.738000+00:00,17.797,32.072,21.571,300.0,231.0,False,71.44,"[None, 2048, 2048, 2048, 2048, 2048]","[2048, 2048, 2048, 2048, 2048, 2048, 2048]","[2048, 2048, 2048, 2048, 2048, 2048, 2048]",292.0
1239,9550,44,14,2024-06-30T13:18:30.064000+00:00,17.904,31.991,21.604,294.0,228.0,False,71.499,"[None, 2048, 2048, 2048, 2048, 2048]","[2048, 2048, 2048, 2048, 2048, 2048, 2048]","[2048, 2048, 2048, 2048, 2048, 2048, 2048]",291.0
1239,9550,11,14,2024-06-30T13:18:35.082000+00:00,17.838,31.799,21.83,295.0,223.0,False,71.467,"[None, 2048, 2048, 2048, 2048, 2048]","[2048, 2048, 2048, 2048, 2048, 2048, 2048]","[2048, 2048, 2048, 2048, 2048, 2048, 2048]",288.0
1239,9550,16,14,2024-06-30T13:19:03.087000+00:00,17.932,32.807,21.913,299.0,222.0,False,72.652,"[2048, 2048, 2048, 2048, 2048, 2048]","[2048, 2048, 2049, 2048, 2048, 2048, 2048]","[2048, 2048, 2048, 2048, 2048, 2048, 2048]",287.0
1239,9550,1,15,2024-06-30T13:19:29.084000+00:00,17.814,31.671,21.543,,228.0,False,71.028,"[None, 2048, 2048, 2048, 2048, 2048]","[2048, 2048, 2048, 2049, 2048, 2048, 2048]","[2048, 2048, 2048, 2048, 2048, 2048, 2048]",293.0
1239,9550,4,15,2024-06-30T13:19:34.567000+00:00,17.766,31.726,21.512,298.0,229.0,False,71.004,"[None, 2048, 2048, 2048, 2048, 2048]","[2048, 2048, 2048, 2048, 2048, 2048, 2048]","[2048, 2048, 2048, 2048, 2048, 2048, 2048]",292.0
1239,9550,63,15,2024-06-30T13:19:38.150000+00:00,17.784,32.044,21.643,301.0,228.0,False,71.471,"[None, 2048, 2048, 2048, 2048, 2048]","[2048, 2048, 2048, 2048, 2048, 2048, 2048]","[2048, 2048, 2048, 2048, 2048, 2048, 2048]",292.0
1239,9550,44,15,2024-06-30T13:19:41.523000+00:00,17.849,32.092,21.723,,225.0,False,71.664,"[None, 2048, 2048, 2048, 2048, 2048]","[2048, 2048, 2048, 2048, 2048, 2048, 2048]","[2048, 2048, 2048, 2048, 2048, 2048, 2048]",291.0
1239,9550,11,15,2024-06-30T13:19:46.525000+00:00,17.852,32.133,21.813,296.0,221.0,False,71.798,"[None, 2048, 2048, 2048, 2048, 2048]","[2049, 2048, 2048, 2048, 2048, 2048, 2048]","[2048, 2048, 2048, 2048, 2048, 2048, 2048]",288.0
1239,9550,16,15,2024-06-30T13:20:15.784000+00:00,17.703,32.127,21.898,307.0,223.0,False,71.728,"[2049, 2048, 2048, 2048, 2049, 2049]","[2048, 2048, 2048, 2049, 2048, 2048, 2048]","[2048, 2048, 2048, 2048, 2048, 2048, 2048]",301.0
1239,9550,1,16,2024-06-30T13:20:40.123000+00:00,17.776,31.663,21.518,295.0,226.0,False,70.957,"[None, 2048, 2048, 2048, 2048, 2048]","[2048, 2048, 2048, 2048, 2048, 2048, 2048]","[2048, 2048, 2049, 2048, 2048, 2048, 2048]",293.0
1239,9550,4,16,2024-06-30T13:20:45.603000+00:00,17.839,31.83,21.664,,229.0,False,71.333,"[None, 2048, 2048, 2048, 2048, 2048]","[2048, 2048, 2048, 2048, 2048, 2048, 2048]","[2048, 2048, 2048, 2048, 2048, 2048, 2048]",291.0
1239,9550,63,16,2024-06-30T13:20:49.544000+00:00,17.831,31.915,21.636,300.0,228.0,False,71.382,"[None, 2048, 2048, 2048, 2048, 2048]","[2048, 2048, 2048, 2048, 2048, 2048, 2048]","[2048, 2048, 2048, 2048, 2048, 2048, 2048]",292.0
1239,9550,44,16,2024-06-30T13:20:53.245000+00:00,17.787,32.092,21.636,296.0,228.0,False,71.515,"[None, 2048, 2048, 2048, 2048, 2048]","[2048, 2048, 2048, 2048, 2048, 2048, 2048]","[2048, 2048, 2048, 2048, 2048, 2048, 2048]",291.0
1239,9550,11,16,2024-06-30T13:20:58.298000+00:00,17.934,32.067,21.939,294.0,224.0,False,71.94,"[None, 2048, 2048, 2048, 2048, 2048]","[2048, 2048, 2048, 2048, 2048, 2048, 2048]","[2048, 2048, 2048, 2048, 2048, 2048, 2048]",287.0
1239,9550,16,16,2024-06-30T13:21:27.399000+00:00,17.952,32.138,25.114,292.0,221.0,False,75.204,"[2048, 2048, 2048, 2048, 2048, 2048]","[2048, 2048, 2048, 2048, 2048, 2048, 2048]","[2048, 2048, 2048, 2048, 2064, 2064, 2064]",292.0
1239,9550,1,17,2024-06-30T13:21:51.073000+00:00,17.788,31.614,21.579,293.0,229.0,False,70.981,"[None, 2048, 2048, 2048, 2048, 2048]","[2048, 2048, 2048, 2049, 2048, 2048, 2048]","[2048, 2048, 2049, 2048, 2048, 2048, 2048]",295.0
1239,9550,4,17,2024-06-30T13:21:56.871000+00:00,17.829,31.707,21.613,294.0,228.0,False,71.149,"[None, 2048, 2048, 2048, 2048, 2048]","[2048, 2048, 2048, 2049, 2048, 2048, 2048]","[2048, 2048, 2048, 2048, 2048, 2048, 2048]",294.0
1239,9550,63,17,2024-06-30T13:22:00.965000+00:00,17.824,31.93,21.705,297.0,229.0,False,71.459,"[None, 2048, 2048, 2048, 2048, 2048]","[2048, 2048, 2048, 2048, 2048, 2048, 2048]","[2048, 2048, 2048, 2048, 2048, 2048, 2048]",295.0
1239,9550,44,17,2024-06-30T13:22:04.711000+00:00,17.858,32.073,21.683,292.0,226.0,False,71.614,"[None, 2048, 2048, 2048, 2048, 2048]","[2048, 2048, 2048, 2048, 2048, 2048, 2048]","[2048, 2048, 2048, 2048, 2048, 2048, 2048]",292.0
1239,9550,11,17,2024-06-30T13:22:10.222000+00:00,17.904,32.06,21.901,290.0,218.0,False,71.865,"[None, 2048, 2048, 2048, 2048, 2048]","[2048, 2048, 2048, 2048, 2048, 2048, 2048]","[2048, 2048, 2048, 2048, 2049, 2048, 2048]",289.0
1239,9550,16,17,2024-06-30T13:22:42.623000+00:00,34.856,31.838,21.832,294.0,225.0,True,88.526,"[2064, 2064, 2064, 2048, 2048, 2048]","[2048, 2048, 2048, 2048, 2048, 2048, 2048]","[2048, 2048, 2049, 2048, 2048, 2048, 2048]",293.0
1239,9550,1,18,2024-06-30T13:23:02.059000+00:00,17.815,31.854,21.695,294.0,225.0,False,71.364,"[2048, 2048, 2048, 2048, 2048, 2048]","[2048, 2048, 2048, 2049, 2048, 2048, 2048]","[2048, 2048, 2049, 2048, 2048, 2048, 2048]",297.0
1239,9550,4,18,2024-06-30T13:23:08.109000+00:00,17.75,31.882,21.626,,226.0,False,71.258,"[None, 2048, 2048, 2048, 2048, 2048]","[2048, 2048, 2048, 2048, 2048, 2048, 2048]","[2048, 2048, 2048, 2048, 2048, 2048, 2048]",294.0
1239,9550,63,18,2024-06-30T13:23:12.511000+00:00,17.786,32.03,21.481,298.0,228.0,False,71.297,"[None, 2048, 2048, 2048, 2048, 2048]","[2048, 2048, 2048, 2048, 2048, 2048, 2048]","[2048, 2048, 2049, 2048, 2048, 2048, 2048]",296.0
1239,9550,44,18,2024-06-30T13:23:16.355000+00:00,17.769,32.092,21.656,294.0,225.0,False,71.517,"[None, 2048, 2048, 2048, 2048, 2048]","[2048, 2048, 2048, 2048, 2048, 2048, 2048]","[2048, 2048, 2049, 2048, 2048, 2048, 2048]",297.0
1239,9550,11,18,2024-06-30T13:23:21.986000+00:00,17.872,32.028,21.777,292.0,221.0,False,71.677,"[None, 2048, 2048, 2048, 2048, 2048]","[2048, 2048, 2048, 2048, 2048, 2048, 2048]","[2048, 2048, 2049, 2048, 2048, 2048, 2048]",288.0
1239,9550,16,18,2024-06-30T13:24:11.209000+00:00,17.763,31.797,21.639,292.0,223.0,False,71.199,"[2048, 2048, 2048, 2048, 2048, 2048]","[2048, 2048, 2048, 2048, 2048, 2048, 2048]","[2048, 2048, 2048, 2048, 2048, 2048, 2048]",289.0
1239,9550,1,19,2024-06-30T13:24:13.484000+00:00,17.78,32.01,21.725,296.0,228.0,False,71.515,"[2049, 2048, 2048, 2048, 2048, 2049]","[2048, 2048, 2048, 2049, 2048, 2048, 2048]","[2048, 2048, 2048, 2048, 2048, 2048, 2048]",298.0
1239,9550,4,19,2024-06-30T13:24:19.429000+00:00,17.808,32.155,21.695,297.0,228.0,False,71.658,"[None, 2048, 2048, 2048, 2048, 2048]","[2048, 2048, 2048, 2048, 2048, 2048, 2048]","[2048, 2048, 2048, 2048, 2048, 2048, 2048]",293.0
1239,9550,63,19,2024-06-30T13:24:23.717000+00:00,17.794,32.113,21.662,295.0,227.0,False,71.569,"[None, 2048, 2048, 2048, 2048, 2048]","[2048, 2048, 2048, 2048, 2048, 2048, 2048]","[2048, 2048, 2048, 2048, 2048, 2048, 2048]",290.0
1239,9550,44,19,2024-06-30T13:24:27.775000+00:00,17.99,32.411,21.751,,225.0,False,72.152,"[None, 2048, 2048, 2048, 2048, 2048]","[2048, 2048, 2048, 2048, 2048, 2048, 2048]","[2048, 2048, 2048, 2048, 2048, 2048, 2048]",295.0
1239,9550,11,19,2024-06-30T13:24:33.755000+00:00,17.922,32.13,21.892,,223.0,False,71.944,"[None, 2048, 2048, 2048, 2048, 2048]","[2048, 2048, 2048, 2048, 2048, 2048, 2048]","[2048, 2048, 2048, 2048, 2048, 2048, 2048]",287.0
1239,9550,16,19,2024-06-30T13:25:22.414000+00:00,17.749,31.789,21.619,295.0,222.0,False,71.157,"[None, 2048, 2048, 2048, 2048, 2048]","[2048, 2048, 2048, 2048, 2048, 2048, 2048]","[2048, 2048, 2048, 2048, 2048, 2048, 2048]",291.0
1239,9550,1,20,2024-06-30T13:25:24.996000+00:00,17.805,32.07,21.673,293.0,223.0,False,71.548,"[2048, 2048, 2048, 2048, 2048, 2048]","[2048, 2048, 2048, 2048, 2048, 2048, 2048]","[2048, 2048, 2048, 2048, 2048, 2048, 2048]",291.0
1239,9550,4,20,2024-06-30T13:25:31.061000+00:00,17.795,31.902,21.591,296.0,226.0,False,71.288,"[None, 2048, 2048, 2048, 2048, 2048]","[2048, 2048, 2048, 2048, 2048, 2048, 2048]","[2048, 2048, 2048, 2048, 2048, 2048, 2048]",294.0
1239,9550,63,20,2024-06-30T13:25:35.281000+00:00,17.854,32.068,21.609,299.0,225.0,False,71.531,"[None, 2048, 2048, 2048, 2048, 2048]","[2048, 2048, 2048, 2048, 2048, 2048, 2048]","[2048, 2048, 2048, 2048, 2048, 2048, 2048]",293.0
1239,9550,44,20,2024-06-30T13:25:39.879000+00:00,17.907,32.213,21.748,,225.0,False,71.868,"[None, 2048, 2048, 2048, 2048, 2048]","[2048, 2048, 2048, 2048, 2048, 2048, 2048]","[2048, 2048, 2049, 2048, 2048, 2048, 2048]",295.0
1239,9550,11,20,2024-06-30T13:25:45.882000+00:00,17.886,32.289,21.827,291.0,219.0,False,72.002,"[None, 2048, 2048, 2048, 2048, 2048]","[2048, 2048, 2048, 2048, 2048, 2048, 2048]","[2048, 2048, 2049, 2048, 2048, 2048, 2048]",287.0
1239,9550,16,20,2024-06-30T13:26:33.662000+00:00,17.733,31.779,21.529,,225.0,False,71.041,"[None, 2048, 2048, 2049, 2048, 2048]","[2048, 2048, 2048, 2048, 2048, 2048, 2048]","[2048, 2048, 2048, 2048, 2048, 2048, 2048]",293.0
1239,9550,1,21,2024-06-30T13:26:36.421000+00:00,17.882,31.893,21.525,295.0,227.0,False,71.3,"[None, 2048, 2048, 2048, 2048, 2048]","[2048, 2048, 2048, 2048, 2048, 2048, 2048]","[2048, 2048, 2049, 2048, 2048, 2048, 2048]",299.0
1239,9550,4,21,2024-06-30T13:26:42.250000+00:00,17.824,31.966,21.617,,226.0,False,71.407,"[None, 2048, 2048, 2048, 2048, 2048]","[2048, 2048, 2048, 2049, 2048, 2048, 2048]","[2048, 2048, 2048, 2048, 2048, 2048, 2048]",295.0
1239,9550,63,21,2024-06-30T13:26:46.890000+00:00,17.904,32.147,21.59,297.0,228.0,False,71.641,"[None, 2048, 2048, 2048, 2048, 2048]","[2048, 2048, 2048, 2048, 2048, 2048, 2048]","[2048, 2048, 2048, 2048, 2048, 2048, 2048]",295.0
1239,9550,44,21,2024-06-30T13:26:51.876000+00:00,17.934,32.093,25.703,301.0,225.0,False,75.73,"[None, 2048, 2048, 2048, 2048, 2048]","[2048, 2048, 2048, 2048, 2048, 2048, 2048]","[2048, 2048, 2049, 2048, 2064, 2064, 2064]",301.0
1239,9550,11,21,2024-06-30T13:26:57.645000+00:00,18.191,32.371,25.721,,223.0,False,76.283,"[None, 2048, 2048, 2048, 2048, 2048]","[2048, 2048, 2048, 2048, 2048, 2048, 2048]","[2048, 2048, 2048, 2048, 2064, 2064, 2064]",287.0
1239,9550,16,21,2024-06-30T13:27:44.645000+00:00,17.708,31.715,21.529,293.0,224.0,False,70.952,"[None, 2048, 2049, 2048, 2048, 2048]","[2048, 2048, 2048, 2048, 2048, 2048, 2048]","[2048, 2048, 2048, 2048, 2048, 2048, 2048]",291.0
1239,9550,1,22,2024-06-30T13:27:47.818000+00:00,17.909,31.954,21.686,292.0,227.0,False,71.549,"[None, 2048, 2048, 2048, 2048, 2048]","[2048, 2048, 2048, 2048, 2048, 2048, 2048]","[2048, 2048, 2048, 2048, 2048, 2048, 2048]",295.0
1239,9550,4,22,2024-06-30T13:27:53.703000+00:00,17.679,31.868,21.682,,227.0,False,71.229,"[2049, 2048, 2048, 2048, 2048, 2048]","[2048, 2048, 2048, 2048, 2048, 2048, 2048]","[2048, 2048, 2048, 2048, 2048, 2048, 2048]",293.0
1239,9550,63,22,2024-06-30T13:27:58.455000+00:00,17.891,32.111,25.075,,225.0,False,75.077,"[None, 2048, 2048, 2048, 2048, 2048]","[2048, 2048, 2048, 2048, 2048, 2048, 2048]","[2048, 2048, 2048, 2048, 2064, 2064, 2064]",294.0
1239,9550,44,22,2024-06-30T13:28:07.621000+00:00,34.646,31.229,21.039,295.0,233.0,True,86.914,"[2064, 2064, 2064, 2048, 2048, 2048]","[2048, 2049, 2048, 2048, 2049, 2048, 2049]","[2049, 2049, 2048, 2049, 2051, 2049, 2048]",290.0
1239,9550,11,22,2024-06-30T13:28:13.924000+00:00,34.633,31.882,21.409,299.0,226.0,True,87.924,"[2064, 2064, 2064, 2048, 2048, 2048]","[2048, 2048, 2048, 2048, 2049, 2048, 2049]","[2049, 2049, 2049, 2048, 2048, 2048, 2048]",289.0
1239,9550,16,22,2024-06-30T13:28:55.587000+00:00,17.626,31.475,21.538,295.0,224.0,False,70.639,"[None, 2048, 2049, 2048, 2048, 2048]","[2048, 2048, 2048, 2048, 2048, 2048, 2048]","[2048, 2048, 2048, 2048, 2048, 2048, 2048]",295.0
1239,9550,1,23,2024-06-30T13:28:59.266000+00:00,17.835,31.788,25.056,293.0,226.0,False,74.679,"[None, 2048, 2048, 2048, 2048, 2048]","[2048, 2048, 2048, 2048, 2048, 2049, 2048]","[2048, 2048, 2048, 2048, 2064, 2064, 2064]",297.0
1239,9550,4,23,2024-06-30T13:29:04.939000+00:00,17.795,31.937,25.305,,226.0,False,75.037,"[2048, 2048, 2048, 2048, 2048, 2048]","[2048, 2048, 2048, 2049, 2048, 2048, 2048]","[2048, 2048, 2048, 2048, 2064, 2064, 2064]",295.0
1239,9550,63,23,2024-06-30T13:29:13.503000+00:00,34.824,31.03,20.915,296.0,232.0,True,86.769,"[2064, 2064, 2064, 2048, 2048, 2048]","[2048, 2049, 2048, 2048, 2051, 2049, 2049]","[2049, 2048, 2048, 2051, 2049, 2051, 2051]",291.0
1239,9550,44,23,2024-06-30T13:29:34.469000+00:00,17.572,31.277,21.282,293.0,231.0,False,70.131,"[2048, 2049, 2049, 2048, 2048, 2048]","[2048, 2048, 2048, 2048, 2049, 2048, 2048]","[2048, 2048, 2048, 2048, 2048, 2049, 2048]",294.0
1239,9550,11,23,2024-06-30T13:29:41.873000+00:00,17.673,31.528,21.616,293.0,223.0,False,70.817,"[2048, 2048, 2049, 2048, 2048, 2048]","[2048, 2048, 2048, 2048, 2049, 2049, 2048]","[2048, 2048, 2048, 2048, 2048, 2048, 2048]",291.0
1239,9550,16,23,2024-06-30T13:30:06.162000+00:00,17.589,31.557,21.354,298.0,229.0,False,70.5,"[None, 2048, 2048, 2049, 2048, 2048]","[2048, 2048, 2048, 2048, 2048, 2048, 2048]","[2048, 2048, 2048, 2049, 2048, 2048, 2048]",295.0
1239,9550,1,24,2024-06-30T13:30:14.002000+00:00,35.236,31.084,21.074,291.0,234.0,True,87.394,"[2064, 2064, 2064, 2048, 2048, 2048]","[2048, 2048, 2048, 2048, 2049, 2049, 2048]","[2048, 2048, 2048, 2048, 2048, 2048, 2049]",293.0
1239,9550,4,24,2024-06-30T13:30:19.955000+00:00,35.225,31.897,21.137,266.0,231.0,True,88.259,"[2064, 2064, 2064, 2048, 2048, 2048]","[2048, 2048, 2049, 2049, 2048, 2048, 2048]","[2048, 2048, 2048, 2048, 2048, 2048, 2049]",304.0
1239,9550,63,24,2024-06-30T13:30:40.397000+00:00,17.446,31.068,21.049,299.0,234.0,False,69.563,"[2048, 2048, 2049, 2049, 2048, 2048]","[2048, 2049, 2048, 2048, 2048, 2048, 2048]","[2048, 2049, 2049, 2048, 2048, 2048, 2048]",293.0
1239,9550,44,24,2024-06-30T13:30:44.565000+00:00,17.782,31.477,21.037,289.0,231.0,False,70.296,"[None, 2048, 2048, 2048, 2048, 2048]","[2048, 2049, 2048, 2048, 2048, 2048, 2048]","[2048, 2049, 2048, 2048, 2048, 2049, 2048]",286.0
1239,9550,11,24,2024-06-30T13:30:52.642000+00:00,17.349,31.657,21.486,314.0,225.0,False,70.492,"[None, 2048, 2048, 2049, 2049, 2049]","[2048, 2048, 2048, 2048, 2049, 2048, 2048]","[2048, 2048, 2048, 2048, 2048, 2048, 2048]",302.0
1239,9550,16,24,2024-06-30T13:31:16.656000+00:00,17.736,31.623,21.263,296.0,224.0,False,70.622,"[None, 2049, 2048, 2048, 2048, 2048]","[2048, 2048, 2048, 2048, 2048, 2048, 2048]","[2048, 2048, 2048, 2049, 2048, 2048, 2049]",292.0
1239,9550,1,25,2024-06-30T13:31:41.437000+00:00,17.436,31.211,21.119,295.0,231.0,False,69.766,"[2048, 2049, 2051, 2049, 2049, 2048]","[2048, 2048, 2049, 2048, 2048, 2048, 2048]","[2048, 2048, 2048, 2048, 2048, 2048, 2051]",294.0
1239,9550,4,25,2024-06-30T13:31:48.246000+00:00,17.497,30.931,21.006,296.0,234.0,False,69.434,"[2048, 2048, 2049, 2049, 2048, 2048]","[2048, 2051, 2049, 2048, 2049, 2049, 2049]","[2048, 2051, 2048, 2048, 2048, 2048, 2049]",292.0
1239,9550,63,25,2024-06-30T13:31:49.956000+00:00,17.439,31.325,21.028,297.0,230.0,False,69.792,"[None, 2048, 2049, 2048, 2048, 2048]","[2048, 2048, 2048, 2048, 2048, 2048, 2048]","[2048, 2048, 2048, 2048, 2048, 2048, 2048]",292.0
1239,9550,44,25,2024-06-30T13:31:54.910000+00:00,17.632,31.493,21.132,292.0,229.0,False,70.257,"[None, 2048, 2049, 2048, 2048, 2048]","[2048, 2048, 2048, 2048, 2048, 2048, 2048]","[2048, 2048, 2048, 2048, 2048, 2049, 2048]",291.0
1239,9550,11,25,2024-06-30T13:32:03.199000+00:00,17.734,31.685,21.341,293.0,223.0,False,70.76,"[None, 2048, 2048, 2048, 2048, 2048]","[2048, 2048, 2048, 2048, 2048, 2048, 2048]","[2048, 2049, 2048, 2049, 2048, 2048, 2048]",288.0
1239,9550,16,25,2024-06-30T13:32:27.307000+00:00,17.568,31.703,21.188,300.0,228.0,False,70.459,"[None, 2048, 2048, 2049, 2048, 2048]","[2048, 2048, 2048, 2048, 2048, 2048, 2048]","[2048, 2048, 2049, 2049, 2048, 2048, 2049]",295.0
1239,9550,1,26,2024-06-30T13:32:51.037000+00:00,17.247,31.135,21.124,294.0,230.0,False,69.506,"[2049, 2051, 2051, 2048, 2049, 2048]","[2048, 2048, 2048, 2048, 2049, 2048, 2048]","[2048, 2048, 2048, 2048, 2048, 2048, 2048]",289.0
1239,9550,4,26,2024-06-30T13:32:57.779000+00:00,17.554,31.129,21.009,295.0,229.0,False,69.692,"[None, 2048, 2048, 2048, 2049, 2048]","[2048, 2048, 2049, 2048, 2048, 2048, 2048]","[2048, 2051, 2048, 2048, 2048, 2048]",289.0
1239,9550,63,26,2024-06-30T13:32:59.665000+00:00,,31.487,21.111,,227.0,False,70.037,"[None, 2048, 2048, 2049, 2048, 2048]","[2049, 2048, 2048, 2048, 2048, 2048, 2048]","[2048, 2048, 2048, 2048, 2049, 2048, 2048]",288.0
1239,9550,44,26,2024-06-30T13:33:05.096000+00:00,17.622,31.504,21.248,,225.0,False,70.374,"[None, 2048, 2048, 2048, 2048, 2048]","[2048, 2048, 2048, 2048, 2048, 2048, 2048]","[2048, 2048, 2048, 2048, 2048, 2048]",288.0
1239,9550,11,26,2024-06-30T13:33:13.925000+00:00,17.625,31.436,21.586,296.0,223.0,False,70.647,"[None, 2048, 2049, 2048, 2048, 2048]","[2048, 2048, 2048, 2048, 2048, 2048, 2048]","[2048, 2048, 2048, 2048, 2048, 2048, 2049]",288.0
1239,9550,16,26,2024-06-30T13:33:37.784000+00:00,17.533,31.55,21.226,299.0,227.0,False,70.309,"[None, 2048, 2049, 2049, 2048, 2048]","[2048, 2048, 2048, 2048, 2048, 2048, 2048]","[2048, 2048, 2048, 2048, 2048, 2048, 2049]",292.0
1239,9550,1,27,2024-06-30T13:34:00.682000+00:00,17.525,30.976,20.95,295.0,234.0,False,69.451,"[2048, 2048, 2048, 2048, 2048, 2048]","[2048, 2049, 2048, 2048, 2048, 2048, 2048]","[2048, 2048, 2048, 2048, 2048, 2049, 2048]",289.0
1239,9550,4,27,2024-06-30T13:34:07.197000+00:00,17.512,31.199,20.969,297.0,233.0,False,69.68,"[None, 2048, 2049, 2049, 2049, 2048]","[2048, 2048, 2048, 2048, 2048, 2048, 2048]","[2048, 2051, 2048, 2048, 2048, 2048, 2049]",290.0
1239,9550,63,27,2024-06-30T13:34:09.655000+00:00,17.471,31.355,21.038,299.0,228.0,False,69.864,"[None, 2048, 2048, 2048, 2048, 2048]","[2049, 2048, 2048, 2048, 2048, 2048, 2048]","[2048, 2048, 2048, 2048, 2049, 2048, 2048]",292.0
1239,9550,44,27,2024-06-30T13:34:15.424000+00:00,17.645,31.392,21.217,296.0,230.0,False,70.254,"[None, 2048, 2048, 2048, 2048, 2048]","[2048, 2048, 2048, 2048, 2048, 2048, 2048]","[2048, 2048, 2048, 2048, 2048, 2048, 2048]",291.0
1239,9550,11,27,2024-06-30T13:34:24.663000+00:00,17.207,31.875,21.443,316.0,224.0,False,70.525,"[2049, 2048, 2048, 2049, 2049, 2049]","[2048, 2048, 2049, 2049, 2048, 2048, 2048]","[2048, 2048, 2048, 2048, 2048, 2048, 2048]",316.0
1239,9550,16,27,2024-06-30T13:34:48.117000+00:00,17.752,31.772,21.202,297.0,225.0,False,70.726,"[None, 2048, 2048, 2048, 2048, 2048]","[2048, 2048, 2048, 2048, 2048, 2048, 2048]","[2049, 2048, 2048, 2049, 2048, 2048, 2048]",292.0
1239,9550,1,28,2024-06-30T13:35:10.153000+00:00,17.494,31.122,20.965,294.0,230.0,False,69.581,"[None, 2048, 2048, 2048, 2048, 2048]","[2048, 2048, 2048, 2048, 2048, 2048, 2048]","[2048, 2048, 2048, 2048, 2048, 2048, 2048]",288.0
1239,9550,4,28,2024-06-30T13:35:17.095000+00:00,17.541,31.096,21.079,295.0,232.0,False,69.716,"[None, 2048, 2048, 2049, 2049, 2048]","[2048, 2048, 2048, 2048, 2048, 2048, 2048]","[2048, 2048, 2048, 2048, 2048, 2048, 2048]",290.0
1239,9550,63,28,2024-06-30T13:35:19.630000+00:00,17.595,31.509,20.981,296.0,229.0,False,70.085,"[None, 2048, 2048, 2048, 2048, 2048]","[2048, 2048, 2048, 2048, 2048, 2048, 2048]","[2048, 2048, 2048, 2048, 2049, 2048, 2049]",291.0
1239,9550,44,28,2024-06-30T13:35:25.721000+00:00,17.621,31.414,21.113,295.0,228.0,False,70.148,"[None, 2048, 2048, 2048, 2048, 2048]","[2048, 2048, 2048, 2048, 2048, 2048, 2048]","[2048, 2048, 2049, 2048, 2048, 2048, 2048]",292.0
1239,9550,11,28,2024-06-30T13:35:35.035000+00:00,17.772,31.774,21.425,290.0,222.0,False,70.971,"[2048, 2048, 2048, 2048, 2048, 2048]","[2048, 2048, 2048, 2048, 2048, 2048, 2048]","[2048, 2048, 2048, 2048, 2048, 2049, 2048]",285.0
1239,9550,16,28,2024-06-30T13:35:58.747000+00:00,17.707,31.778,21.99,301.0,227.0,False,71.475,"[None, 2048, 2048, 2048, 2048, 2048]","[2048, 2048, 2048, 2048, 2048, 2048, 2048]","[2048, 2048, 2048, 2048, 2048, 2048, 2048]",296.0
1239,9550,1,29,2024-06-30T13:36:19.676000+00:00,17.535,31.17,20.991,,228.0,False,69.696,"[None, 2048, 2048, 2048, 2048, 2048]","[2048, 2048, 2048, 2048, 2048, 2048, 2048]","[2048, 2048, 2048, 2048, 2048, 2049, 2048]",289.0
1239,9550,4,29,2024-06-30T13:36:26.714000+00:00,17.557,31.144,20.903,297.0,231.0,False,69.604,"[None, 2048, 2048, 2048, 2049, 2048]","[2048, 2048, 2048, 2048, 2048, 2048, 2048]","[2048, 2048, 2048, 2049, 2048, 2049, 2049]",292.0
1239,9550,63,29,2024-06-30T13:36:29.648000+00:00,17.655,31.468,21.034,298.0,229.0,False,70.157,"[None, 2048, 2048, 2048, 2048, 2048]","[2048, 2048, 2048, 2048, 2048, 2048, 2048]","[2048, 2048, 2048, 2051, 2048, 2048, 2048]",292.0
1239,9550,44,29,2024-06-30T13:36:36.058000+00:00,17.631,31.459,21.081,296.0,228.0,False,70.171,"[None, 2048, 2048, 2048, 2048, 2048]","[2048, 2048, 2048, 2048, 2048, 2048, 2048]","[2048, 2048, 2049, 2048, 2048, 2048, 2048]",293.0
1239,9550,11,29,2024-06-30T13:36:46.160000+00:00,17.697,31.61,21.439,294.0,224.0,False,70.746,"[None, 2048, 2048, 2048, 2048, 2048]","[2048, 2048, 2048, 2048, 2048, 2048, 2048]","[2048, 2048, 2048, 2048, 2049, 2048, 2048]",288.0
1239,9550,16,29,2024-06-30T13:37:10.269000+00:00,17.777,31.845,21.173,300.0,228.0,False,70.795,"[None, 2048, 2048, 2048, 2048, 2048]","[2048, 2048, 2048, 2048, 2048, 2048, 2048]","[2049, 2048, 2048, 2048, 2048, 2049, 2048]",295.0
1239,9550,1,30,2024-06-30T13:37:29.472000+00:00,17.546,31.148,20.967,293.0,230.0,False,69.661,"[None, 2048, 2048, 2048, 2048, 2048]","[2048, 2048, 2048, 2048, 2048, 2048, 2048]","[2048, 2048, 2048, 2048, 2048, 2048, 2048]",290.0
1239,9550,4,30,2024-06-30T13:37:36.466000+00:00,17.577,31.243,21.031,,228.0,False,69.851,"[None, 2048, 2048, 2048, 2048, 2048]","[2048, 2048, 2048, 2048, 2048, 2049, 2048]","[2048, 2048, 2048, 2048, 2048, 2048, 2048]",294.0
1239,9550,63,30,2024-06-30T13:37:39.899000+00:00,17.608,31.483,21.089,300.0,231.0,False,70.18,"[None, 2048, 2048, 2048, 2048, 2048]","[2048, 2048, 2048, 2048, 2048, 2048, 2048]","[2048, 2048, 2048, 2048, 2048, 2048, 2048]",295.0
1239,9550,44,30,2024-06-30T13:37:46.149000+00:00,17.676,31.441,21.25,295.0,228.0,False,70.367,"[None, 2048, 2048, 2048, 2048, 2048]","[2048, 2048, 2048, 2048, 2048, 2048, 2048]","[2048, 2048, 2048, 2048, 2048, 2048, 2048]",294.0
1239,9550,11,30,2024-06-30T13:37:56.908000+00:00,17.687,31.536,21.47,295.0,223.0,False,70.693,"[None, 2048, 2048, 2048, 2048, 2048]","[2048, 2048, 2048, 2048, 2048, 2049, 2048]","[2048, 2048, 2048, 2048, 2048, 2048, 2048]",289.0
1239,9550,16,30,2024-06-30T13:38:21.129000+00:00,17.648,31.581,21.172,298.0,226.0,False,70.401,"[None, 2048, 2048, 2048, 2048, 2048]","[2048, 2048, 2048, 2048, 2048, 2048, 2048]","[2049, 2049, 2048, 2048, 2048, 2048, 2048]",292.0
1239,9550,1,31,2024-06-30T13:38:39.078000+00:00,17.567,31.178,20.951,,232.0,False,69.696,"[None, 2048, 2048, 2048, 2048, 2048]","[2048, 2048, 2048, 2048, 2048, 2048, 2048]","[2048, 2049, 2048, 2049, 2049, 2048, 2048]",295.0
1239,9550,4,31,2024-06-30T13:38:46.265000+00:00,17.5,31.407,21.193,299.0,230.0,False,70.1,"[None, 2048, 2048, 2048, 2049, 2049]","[2048, 2048, 2048, 2048, 2048, 2049, 2048]","[2048, 2048, 2048, 2048, 2048, 2048, 2048]",295.0
1239,9550,63,31,2024-06-30T13:38:50.073000+00:00,17.553,31.435,20.948,,231.0,False,69.936,"[None, 2048, 2048, 2048, 2048, 2048]","[2048, 2048, 2048, 2048, 2048, 2048, 2048]","[2049, 2048, 2049, 2048, 2048, 2048, 2048]",297.0
1239,9550,44,31,2024-06-30T13:38:56.437000+00:00,17.631,31.499,21.258,293.0,229.0,False,70.388,"[None, 2048, 2048, 2048, 2048, 2048]","[2048, 2048, 2048, 2048, 2048, 2048, 2048]","[2048, 2048, 2048, 2048, 2048, 2048, 2048]",294.0
1239,9550,11,31,2024-06-30T13:39:07.626000+00:00,17.714,31.604,21.449,291.0,223.0,False,70.767,"[None, 2048, 2048, 2048, 2048, 2048]","[2048, 2048, 2048, 2048, 2048, 2048, 2048]","[2048, 2048, 2048, 2048, 2048, 2048, 2048]",288.0
1239,9550,16,31,2024-06-30T13:39:31.474000+00:00,17.704,31.706,21.271,295.0,224.0,False,70.681,"[None, 2048, 2048, 2048, 2048, 2048]","[2048, 2048, 2048, 2048, 2048, 2049, 2048]","[2048, 2048, 2048, 2048, 2048, 2048, 2049]",293.0
1239,9550,1,32,2024-06-30T13:39:48.734000+00:00,17.568,31.163,20.845,291.0,229.0,False,69.576,"[None, 2048, 2048, 2048, 2048, 2048]","[2048, 2048, 2049, 2048, 2049, 2048, 2048]","[2048, 2048, 2048, 2049, 2048, 2049, 2048]",293.0
1239,9550,4,32,2024-06-30T13:39:56.318000+00:00,17.567,31.273,21.079,298.0,230.0,False,69.919,"[None, 2048, 2048, 2048, 2048, 2048]","[2048, 2048, 2048, 2048, 2048, 2048, 2048]","[2048, 2048, 2049, 2048, 2048, 2048, 2048]",299.0
1239,9550,63,32,2024-06-30T13:39:59.885000+00:00,17.634,31.544,21.041,299.0,228.0,False,70.219,"[2049, 2048, 2048, 2048, 2048, 2048]","[2048, 2048, 2048, 2048, 2048, 2048, 2048]","[2048, 2048, 2049, 2048, 2048, 2048, 2048]",297.0
1239,9550,44,32,2024-06-30T13:40:06.882000+00:00,17.685,31.592,21.289,,229.0,False,70.566,"[None, 2048, 2048, 2048, 2048, 2048]","[2048, 2048, 2048, 2048, 2048, 2048, 2048]","[2048, 2048, 2048, 2048, 2048, 2048, 2048]",294.0
1239,9550,11,32,2024-06-30T13:40:18.318000+00:00,17.773,31.676,21.279,292.0,223.0,False,70.728,"[None, 2048, 2048, 2048, 2048, 2048]","[2048, 2048, 2048, 2048, 2048, 2048, 2048]","[2048, 2048, 2049, 2049, 2048, 2048, 2048]",292.0
1239,9550,16,32,2024-06-30T13:40:42.245000+00:00,17.776,31.711,21.249,297.0,225.0,False,70.736,"[None, 2048, 2048, 2048, 2048, 2048]","[2048, 2048, 2048, 2048, 2048, 2048, 2048]","[2048, 2048, 2048, 2048, 2048, 2048, 2048]",298.0
1239,9550,1,33,2024-06-30T13:40:58.376000+00:00,17.509,31.091,20.855,292.0,231.0,False,69.455,"[None, 2048, 2048, 2048, 2048, 2048]","[2048, 2048, 2049, 2049, 2048, 2048, 2048]","[2048, 2049, 2049, 2048, 2048, 2048, 2048]",296.0
1239,9550,4,33,2024-06-30T13:41:06.263000+00:00,17.341,31.107,20.952,313.0,232.0,False,69.4,"[None, 2048, 2048, 2049, 2049, 2049]","[2048, 2048, 2048, 2048, 2048, 2048, 2048]","[2049, 2051, 2048, 2048, 2048, 2048, 2048]",297.0
1239,9550,63,33,2024-06-30T13:41:10.232000+00:00,17.548,31.446,21.099,301.0,230.0,False,70.093,"[None, 2048, 2048, 2048, 2048, 2048]","[2048, 2048, 2048, 2048, 2048, 2048, 2048]","[2048, 2048, 2048, 2048, 2048, 2048, 2048]",301.0
1239,9550,44,33,2024-06-30T13:41:17.362000+00:00,17.643,31.513,21.055,295.0,231.0,False,70.211,"[None, 2048, 2048, 2048, 2048, 2048]","[2048, 2048, 2048, 2048, 2048, 2048, 2048]","[2048, 2048, 2049, 2049, 2048, 2048, 2048]",299.0
1239,9550,11,33,2024-06-30T13:41:28.989000+00:00,17.718,31.554,21.299,293.0,225.0,False,70.571,"[None, 2048, 2048, 2048, 2048, 2048]","[2048, 2048, 2048, 2048, 2048, 2049, 2048]","[2048, 2049, 2049, 2048, 2048, 2048, 2048]",293.0
1239,9550,16,33,2024-06-30T13:41:52.875000+00:00,17.762,31.743,25.252,302.0,226.0,False,74.757,"[None, 2048, 2048, 2048, 2048, 2048]","[2048, 2048, 2048, 2048, 2048, 2049, 2048]","[2048, 2048, 2048, 2048, 2064, 2064, 2064]",303.0
1239,9550,1,34,2024-06-30T13:42:07.782000+00:00,17.559,31.054,20.869,,233.0,False,69.482,"[None, 2048, 2048, 2048, 2048, 2048]","[2048, 2048, 2049, 2049, 2048, 2048, 2048]","[2048, 2048, 2049, 2049, 2048, 2048, 2048]",296.0
1239,9550,4,34,2024-06-30T13:42:15.720000+00:00,17.597,31.152,21.006,296.0,233.0,False,69.755,"[None, 2048, 2048, 2048, 2048, 2048]","[2048, 2048, 2049, 2048, 2048, 2048, 2048]","[2048, 2048, 2049, 2048, 2048, 2048, 2048]",296.0
1239,9550,63,34,2024-06-30T13:42:20.280000+00:00,17.611,31.524,21.125,296.0,230.0,False,70.26,"[None, 2048, 2048, 2048, 2048, 2048]","[2048, 2048, 2048, 2048, 2048, 2048, 2048]","[2048, 2048, 2048, 2048, 2048, 2048, 2048]",295.0
1239,9550,44,34,2024-06-30T13:42:27.607000+00:00,17.648,31.394,21.086,,231.0,False,70.128,"[None, 2048, 2048, 2048, 2048, 2048]","[2048, 2048, 2048, 2048, 2048, 2048, 2048]","[2048, 2048, 2049, 2048, 2048, 2048, 2048]",299.0
1239,9550,11,34,2024-06-30T13:42:39.624000+00:00,17.772,31.79,21.447,291.0,225.0,False,71.009,"[None, 2048, 2048, 2048, 2048, 2048]","[2048, 2048, 2048, 2048, 2048, 2048, 2048]","[2048, 2048, 2048, 2049, 2049, 2048, 2048]",291.0
1239,9550,16,34,2024-06-30T13:43:07.558000+00:00,35.516,31.768,21.195,295.0,227.0,True,88.479,"[2064, 2064, 2064, 2048, 2048, 2048]","[2048, 2048, 2049, 2049, 2048, 2048, 2048]","[2048, 2049, 2048, 2048, 2048, 2048, 2049]",309.0
1239,9550,1,35,2024-06-30T13:43:17.249000+00:00,17.711,31.158,21.089,290.0,230.0,False,69.958,"[None, 2048, 2048, 2048, 2048, 2048]","[2048, 2048, 2049, 2048, 2048, 2048, 2048]","[2048, 2048, 2048, 2048, 2049, 2048, 2048]",294.0
1239,9550,4,35,2024-06-30T13:43:25.356000+00:00,17.613,31.143,21.152,297.0,231.0,False,69.908,"[None, 2048, 2048, 2048, 2048, 2048]","[2048, 2048, 2049, 2048, 2048, 2048, 2048]","[2048, 2048, 2048, 2048, 2048, 2048, 2048]",298.0
1239,9550,63,35,2024-06-30T13:43:30.564000+00:00,17.663,31.673,21.188,301.0,230.0,False,70.524,"[2048, 2048, 2048, 2048, 2048, 2048]","[2048, 2048, 2048, 2048, 2048, 2049, 2048]","[2048, 2048, 2049, 2048, 2049, 2048, 2048]",305.0
1239,9550,44,35,2024-06-30T13:43:37.693000+00:00,17.724,31.62,21.222,294.0,228.0,False,70.566,"[None, 2048, 2048, 2048, 2048, 2048]","[2048, 2048, 2048, 2048, 2048, 2048, 2048]","[2048, 2048, 2048, 2048, 2048, 2048, 2048]",297.0
1239,9550,11,35,2024-06-30T13:43:50.592000+00:00,17.784,31.681,21.421,292.0,220.0,False,70.886,"[None, 2048, 2048, 2048, 2048, 2048]","[2048, 2048, 2048, 2048, 2048, 2048, 2048]","[2048, 2048, 2048, 2048, 2048, 2048, 2048]",291.0
1239,9550,1,36,2024-06-30T13:44:27.177000+00:00,17.687,31.255,20.965,293.0,230.0,False,69.907,"[None, 2048, 2048, 2048, 2048, 2048]","[2048, 2048, 2048, 2048, 2048, 2048, 2048]","[2048, 2048, 2048, 2048, 2049, 2048, 2048]",295.0
1239,9550,4,36,2024-06-30T13:44:35.325000+00:00,17.641,31.404,21.061,,229.0,False,70.106,"[None, 2048, 2048, 2048, 2048, 2048]","[2048, 2048, 2048, 2048, 2048, 2048, 2048]","[2048, 2048, 2048, 2048, 2048, 2048, 2048]",297.0
1239,9550,16,35,2024-06-30T13:44:36.187000+00:00,17.284,31.544,21.227,304.0,228.0,False,70.055,"[2049, 2048, 2048, 2049, 2049, 2049]","[2048, 2048, 2048, 2049, 2048, 2048, 2048]","[2048, 2048, 2048, 2048, 2048, 2048, 2049]",309.0
1239,9550,63,36,2024-06-30T13:44:41.113000+00:00,17.64,31.72,21.238,306.0,231.0,False,70.598,"[None, 2048, 2048, 2048, 2048, 2048]","[2048, 2048, 2048, 2048, 2048, 2049, 2048]","[2048, 2048, 2049, 2048, 2048, 2048, 2051]",305.0
1239,9550,44,36,2024-06-30T13:44:48.345000+00:00,17.715,31.734,21.222,296.0,229.0,False,70.671,"[None, 2048, 2048, 2048, 2048, 2048]","[2048, 2048, 2048, 2048, 2048, 2048, 2048]","[2048, 2048, 2048, 2048, 2048, 2048, 2048]",298.0
1239,9550,11,36,2024-06-30T13:45:01.465000+00:00,17.761,31.777,21.463,293.0,222.0,False,71.001,"[None, 2048, 2048, 2048, 2048, 2048]","[2048, 2048, 2048, 2048, 2048, 2048, 2048]","[2048, 2048, 2048, 2048, 2048, 2048, 2048]",291.0
1239,9550,1,37,2024-06-30T13:45:37.188000+00:00,17.631,31.381,21.108,295.0,230.0,False,70.12,"[None, 2048, 2048, 2048, 2048, 2048]","[2048, 2048, 2048, 2049, 2048, 2048, 2048]","[2048, 2048, 2048, 2048, 2048, 2048, 2048]",295.0
1239,9550,4,37,2024-06-30T13:45:45.478000+00:00,17.569,31.196,21.118,300.0,229.0,False,69.883,"[None, 2048, 2048, 2048, 2048, 2048]","[2049, 2048, 2049, 2048, 2048, 2048, 2048]","[2048, 2048, 2049, 2048, 2048, 2048, 2048]",300.0
1239,9550,16,36,2024-06-30T13:45:46.356000+00:00,17.322,31.385,21.187,311.0,227.0,False,69.894,"[None, 2048, 2048, 2048, 2048, 2049]","[2048, 2048, 2048, 2048, 2048, 2048, 2048]","[2048, 2048, 2048, 2048, 2048, 2048, 2049]",308.0
1239,9550,63,37,2024-06-30T13:45:51.664000+00:00,17.538,31.715,21.253,299.0,231.0,False,70.506,"[2049, 2048, 2048, 2048, 2048, 2048]","[2048, 2048, 2048, 2048, 2048, 2048, 2048]","[2048, 2048, 2048, 2048, 2048, 2048, 2048]",298.0
1239,9550,44,37,2024-06-30T13:45:58.977000+00:00,17.681,31.646,21.152,297.0,229.0,False,70.479,"[None, 2048, 2048, 2048, 2048, 2048]","[2048, 2048, 2048, 2048, 2048, 2048, 2048]","[2048, 2048, 2048, 2048, 2048, 2048, 2048]",297.0
1239,9550,11,37,2024-06-30T13:46:12.454000+00:00,17.809,31.968,21.578,291.0,222.0,False,71.355,"[None, 2048, 2048, 2048, 2048, 2048]","[2048, 2048, 2048, 2048, 2048, 2048, 2048]","[2048, 2048, 2048, 2048, 2048, 2048, 2048]",291.0
1239,9550,1,38,2024-06-30T13:46:47.213000+00:00,17.655,31.446,21.042,294.0,227.0,False,70.143,"[None, 2048, 2048, 2048, 2048, 2048]","[2048, 2048, 2048, 2048, 2048, 2048, 2048]","[2048, 2048, 2049, 2048, 2048, 2048, 2048]",294.0
1239,9550,4,38,2024-06-30T13:46:55.274000+00:00,17.568,31.425,21.168,298.0,229.0,False,70.161,"[None, 2048, 2048, 2048, 2048, 2048]","[2048, 2048, 2048, 2048, 2048, 2048, 2048]","[2048, 2048, 2048, 2048, 2048, 2048, 2048]",297.0
1239,9550,16,37,2024-06-30T13:46:56.120000+00:00,17.236,31.522,21.25,312.0,229.0,False,70.008,"[None, 2049, 2048, 2048, 2048, 2049]","[2048, 2048, 2049, 2048, 2048, 2048, 2048]","[2048, 2048, 2049, 2048, 2048, 2048, 2048]",309.0
1239,9550,63,38,2024-06-30T13:47:02.189000+00:00,17.644,31.805,21.191,300.0,228.0,False,70.64,"[2048, 2048, 2048, 2048, 2048, 2048]","[2048, 2048, 2048, 2048, 2048, 2048, 2048]","[2048, 2048, 2048, 2048, 2048, 2048, 2048]",299.0
1239,9550,44,38,2024-06-30T13:47:09.495000+00:00,17.626,31.874,21.177,,228.0,False,70.677,"[None, 2048, 2048, 2048, 2048, 2048]","[2048, 2048, 2048, 2048, 2048, 2048, 2048]","[2048, 2048, 2048, 2048, 2048, 2048, 2048]",297.0
1239,9550,11,38,2024-06-30T13:47:23.886000+00:00,17.671,32.074,21.611,293.0,222.0,False,71.356,"[None, 2048, 2048, 2048, 2048, 2048]","[2049, 2048, 2048, 2048, 2048, 2048, 2048]","[2048, 2048, 2048, 2048, 2048, 2048, 2048]",291.0
1239,9550,1,39,2024-06-30T13:47:57.386000+00:00,17.626,31.581,21.051,,228.0,False,70.258,"[None, 2048, 2048, 2048, 2048, 2048]","[2048, 2048, 2048, 2048, 2048, 2048, 2048]","[2048, 2048, 2049, 2048, 2048, 2048, 2048]",300.0
1239,9550,4,39,2024-06-30T13:48:05.382000+00:00,17.647,31.622,21.119,297.0,230.0,False,70.388,"[None, 2048, 2048, 2048, 2048, 2048]","[2048, 2048, 2048, 2048, 2048, 2048, 2048]","[2048, 2048, 2048, 2048, 2048, 2048, 2048]",297.0
1239,9550,16,38,2024-06-30T13:48:06.065000+00:00,17.275,31.941,21.261,,227.0,False,70.477,"[None, 2048, 2048, 2048, 2049, 2049]","[2048, 2048, 2048, 2048, 2048, 2048, 2048]","[2048, 2048, 2048, 2048, 2048, 2048, 2048]",308.0
1239,9550,63,39,2024-06-30T13:48:12.782000+00:00,17.624,31.906,21.194,299.0,230.0,False,70.724,"[None, 2048, 2048, 2048, 2048, 2048]","[2048, 2048, 2048, 2048, 2048, 2048, 2048]","[2048, 2048, 2048, 2048, 2048, 2048, 2048]",298.0
1239,9550,44,39,2024-06-30T13:48:20.248000+00:00,17.592,31.85,21.196,295.0,225.0,False,70.638,"[None, 2048, 2048, 2048, 2048, 2048]","[2048, 2048, 2048, 2048, 2048, 2048, 2048]","[2048, 2048, 2048, 2048, 2048, 2048, 2048]",296.0
1239,9550,11,39,2024-06-30T13:48:35.282000+00:00,17.82,32.058,21.578,292.0,223.0,False,71.456,"[None, 2048, 2048, 2048, 2048, 2048]","[2048, 2048, 2048, 2048, 2048, 2048, 2048]","[2048, 2048, 2048, 2048, 2048, 2048, 2048]",291.0
1239,9550,1,40,2024-06-30T13:49:07.699000+00:00,17.66,31.475,21.082,292.0,229.0,False,70.217,"[None, 2048, 2048, 2048, 2048, 2048]","[2048, 2048, 2048, 2048, 2048, 2048, 2048]","[2048, 2048, 2048, 2048, 2048, 2048, 2048]",296.0
1239,9550,4,40,2024-06-30T13:49:15.850000+00:00,17.64,31.343,21.119,298.0,234.0,False,70.102,"[None, 2048, 2048, 2048, 2048, 2048]","[2048, 2048, 2048, 2048, 2048, 2048, 2048]","[2048, 2048, 2049, 2048, 2048, 2048, 2048]",301.0
1239,9550,16,39,2024-06-30T13:49:16.584000+00:00,17.343,31.572,21.228,309.0,228.0,False,70.143,"[2048, 2048, 2048, 2048, 2048, 2048]","[2048, 2048, 2048, 2048, 2048, 2048, 2048]","[2048, 2048, 2048, 2048, 2048, 2048, 2048]",308.0
1239,9550,63,40,2024-06-30T13:49:23.468000+00:00,17.675,31.741,21.345,295.0,231.0,False,70.761,"[None, 2048, 2048, 2048, 2048, 2048]","[2048, 2048, 2048, 2048, 2048, 2048, 2048]","[2048, 2048, 2048, 2048, 2048, 2048, 2048]",298.0
1239,9550,44,40,2024-06-30T13:49:30.832000+00:00,17.687,31.588,21.346,297.0,234.0,False,70.621,"[None, 2048, 2048, 2048, 2048, 2048]","[2048, 2048, 2048, 2048, 2048, 2048, 2048]","[2048, 2048, 2048, 2048, 2048, 2048, 2048]",301.0
1239,9550,11,40,2024-06-30T13:49:46.646000+00:00,17.877,31.744,21.383,294.0,223.0,False,71.004,"[None, 2048, 2048, 2048, 2048, 2048]","[2048, 2048, 2048, 2048, 2048, 2049, 2048]","[2048, 2048, 2049, 2048, 2048, 2048, 2048]",296.0
1239,9550,1,41,2024-06-30T13:50:17.817000+00:00,17.71,31.947,21.457,294.0,226.0,False,71.114,"[None, 2048, 2048, 2048, 2048, 2048]","[2048, 2048, 2048, 2049, 2048, 2048, 2048]","[2048, 2048, 2049, 2048, 2048, 2048, 2048]",299.0
1239,9550,4,41,2024-06-30T13:50:25.982000+00:00,17.742,31.491,21.208,,229.0,False,70.441,"[None, 2048, 2048, 2048, 2048, 2048]","[2048, 2048, 2048, 2048, 2048, 2048, 2048]","[2048, 2048, 2049, 2048, 2048, 2048, 2048]",302.0
1239,9550,16,40,2024-06-30T13:50:26.761000+00:00,17.329,31.71,21.269,311.0,223.0,False,70.308,"[None, 2048, 2048, 2048, 2048, 2048]","[2048, 2048, 2048, 2049, 2048, 2049, 2048]","[2048, 2048, 2049, 2048, 2048, 2048, 2048]",310.0
1239,9550,63,41,2024-06-30T13:50:34.228000+00:00,17.743,31.973,21.451,303.0,225.0,False,71.167,"[None, 2048, 2048, 2048, 2048, 2048]","[2048, 2048, 2048, 2048, 2048, 2048, 2048]","[2048, 2048, 2048, 2048, 2048, 2048, 2048]",302.0
1239,9550,44,41,2024-06-30T13:50:41.411000+00:00,17.741,31.901,21.355,,214.0,False,70.997,"[None, 2048, 2048, 2048, 2048, 2048]","[2048, 2048, 2048, 2048, 2048, 2048, 2048]","[2048, 2048, 2048, 2048, 2048, 2048, 2048]",298.0
1239,9550,11,41,2024-06-30T13:50:57.675000+00:00,17.743,31.958,21.437,288.0,224.0,False,71.138,"[None, 2048, 2048, 2048, 2048, 2048]","[2048, 2048, 2048, 2048, 2048, 2048, 2048]","[2048, 2048, 2048, 2048, 2048, 2048, 2048]",293.0
1239,9550,1,42,2024-06-30T13:51:29.009000+00:00,17.681,31.713,21.234,295.0,226.0,False,70.628,"[None, 2048, 2048, 2048, 2048, 2048]","[2048, 2048, 2048, 2049, 2048, 2048, 2048]","[2048, 2048, 2049, 2048, 2048, 2048, 2048]",300.0
1239,9550,4,42,2024-06-30T13:51:36.457000+00:00,17.668,31.661,21.141,296.0,230.0,False,70.47,"[None, 2048, 2048, 2048, 2048, 2048]","[2048, 2048, 2048, 2048, 2048, 2048, 2048]","[2048, 2048, 2048, 2048, 2048, 2048, 2048]",299.0
1239,9550,16,41,2024-06-30T13:51:36.942000+00:00,17.29,31.82,21.258,313.0,225.0,False,70.368,"[2049, 2048, 2048, 2048, 2048, 2048]","[2048, 2048, 2049, 2049, 2048, 2048, 2048]","[2048, 2048, 2049, 2048, 2048, 2048, 2048]",312.0
1239,9550,63,42,2024-06-30T13:51:45.354000+00:00,17.688,31.829,21.28,299.0,229.0,False,70.797,"[None, 2048, 2048, 2048, 2048, 2048]","[2048, 2048, 2048, 2048, 2048, 2048, 2048]","[2048, 2048, 2048, 2048, 2048, 2048, 2048]",304.0
1239,9550,44,42,2024-06-30T13:51:52.501000+00:00,17.717,31.885,21.344,,226.0,False,70.946,"[None, 2048, 2048, 2048, 2048, 2048]","[2048, 2048, 2048, 2048, 2048, 2048, 2048]","[2048, 2048, 2048, 2048, 2048, 2048, 2048]",300.0
1239,9550,11,42,2024-06-30T13:52:08.770000+00:00,17.789,31.995,21.387,290.0,221.0,False,71.171,"[None, 2048, 2048, 2048, 2048, 2048]","[2048, 2048, 2048, 2048, 2048, 2048, 2048]","[2048, 2048, 2048, 2049, 2048, 2048, 2048]",295.0
1239,9550,1,43,2024-06-30T13:52:39.571000+00:00,17.661,31.841,21.402,292.0,225.0,False,70.904,"[None, 2048, 2048, 2048, 2048, 2048]","[2048, 2048, 2048, 2049, 2048, 2048, 2048]","[2048, 2048, 2048, 2048, 2048, 2048, 2048]",300.0
1239,9550,4,43,2024-06-30T13:52:46.866000+00:00,17.656,31.285,21.2,298.0,231.0,False,70.141,"[None, 2048, 2048, 2048, 2048, 2048]","[2048, 2048, 2048, 2048, 2048, 2049, 2048]","[2048, 2048, 2048, 2048, 2048, 2048, 2048]",303.0
1239,9550,16,42,2024-06-30T13:52:47.416000+00:00,17.419,31.582,21.117,310.0,228.0,False,70.118,"[2048, 2048, 2048, 2048, 2048, 2048]","[2048, 2048, 2049, 2048, 2048, 2048, 2048]","[2048, 2048, 2048, 2048, 2048, 2049, 2051]",310.0
1239,9550,63,43,2024-06-30T13:52:56.261000+00:00,17.643,31.841,21.3,,228.0,False,70.784,"[None, 2048, 2048, 2048, 2048, 2048]","[2048, 2048, 2048, 2048, 2048, 2048, 2048]","[2048, 2048, 2048, 2048, 2048, 2048, 2048]",302.0
1239,9550,44,43,2024-06-30T13:53:03.438000+00:00,17.751,31.705,21.346,295.0,227.0,False,70.802,"[None, 2048, 2048, 2048, 2048, 2048]","[2048, 2048, 2048, 2048, 2048, 2048, 2048]","[2048, 2048, 2048, 2048, 2048, 2048, 2048]",300.0
1239,9550,11,43,2024-06-30T13:53:19.981000+00:00,17.79,31.777,21.351,291.0,225.0,False,70.918,"[None, 2048, 2048, 2048, 2048, 2048]","[2048, 2048, 2048, 2048, 2048, 2049, 2048]","[2048, 2048, 2048, 2048, 2048, 2048, 2048]",294.0
1239,9550,1,44,2024-06-30T13:53:50.519000+00:00,17.645,31.647,21.187,293.0,230.0,False,70.479,"[None, 2048, 2048, 2048, 2048, 2048]","[2048, 2048, 2048, 2048, 2048, 2048, 2048]","[2048, 2048, 2048, 2048, 2048, 2048, 2048]",303.0
1239,9550,4,44,2024-06-30T13:53:56.986000+00:00,17.618,31.969,21.19,296.0,227.0,False,70.777,"[None, 2048, 2048, 2048, 2048, 2048]","[2048, 2048, 2048, 2048, 2048, 2048, 2048]","[2048, 2048, 2048, 2048, 2048, 2048, 2048]",302.0
1239,9550,16,43,2024-06-30T13:53:57.557000+00:00,17.308,32.486,21.152,312.0,225.0,False,70.946,"[2049, 2048, 2048, 2048, 2049, 2048]","[2048, 2048, 2048, 2049, 2048, 2048, 2048]","[2048, 2048, 2048, 2048, 2048, 2048, 2048]",316.0
1239,9550,63,44,2024-06-30T13:54:07.063000+00:00,17.749,32.086,21.55,293.0,223.0,False,71.385,"[None, 2048, 2048, 2048, 2048, 2048]","[2048, 2048, 2048, 2048, 2048, 2048, 2048]","[2048, 2048, 2048, 2048, 2048, 2048, 2048]",299.0
1239,9550,44,44,2024-06-30T13:54:14.148000+00:00,17.832,31.934,21.565,291.0,222.0,False,71.331,"[None, 2048, 2048, 2048, 2048, 2048]","[2048, 2048, 2048, 2048, 2048, 2048, 2048]","[2048, 2048, 2048, 2048, 2048, 2048, 2048]",301.0
1239,9550,11,44,2024-06-30T13:54:30.835000+00:00,17.814,32.07,21.511,290.0,219.0,False,71.395,"[None, 2048, 2048, 2048, 2048, 2048]","[2048, 2048, 2048, 2048, 2048, 2048, 2048]","[2048, 2048, 2048, 2048, 2048, 2048, 2048]",294.0
1239,9550,1,45,2024-06-30T13:55:01.077000+00:00,17.656,31.665,21.028,291.0,229.0,False,70.349,"[None, 2048, 2048, 2048, 2048, 2048]","[2048, 2048, 2048, 2048, 2048, 2048, 2048]","[2048, 2048, 2048, 2048, 2048, 2048, 2048]",301.0
1239,9550,4,45,2024-06-30T13:55:07.693000+00:00,17.578,31.45,21.143,298.0,232.0,False,70.171,"[None, 2049, 2048, 2048, 2048, 2048]","[2048, 2048, 2048, 2048, 2048, 2048, 2048]","[2048, 2048, 2048, 2048, 2048, 2048, 2048]",302.0
1239,9550,16,44,2024-06-30T13:55:08.416000+00:00,17.298,32.065,21.18,309.0,225.0,False,70.543,"[2048, 2048, 2048, 2048, 2048, 2048]","[2048, 2048, 2048, 2048, 2048, 2048, 2048]","[2048, 2048, 2048, 2048, 2048, 2048, 2048]",308.0
1239,9550,63,45,2024-06-30T13:55:18.329000+00:00,17.585,32.139,21.678,300.0,228.0,False,71.402,"[None, 2048, 2048, 2048, 2049, 2048]","[2048, 2048, 2048, 2048, 2048, 2048, 2048]","[2048, 2048, 2049, 2048, 2048, 2048, 2048]",303.0
1239,9550,44,45,2024-06-30T13:55:25.548000+00:00,17.64,31.932,21.305,297.0,227.0,False,70.877,"[None, 2048, 2048, 2048, 2048, 2048]","[2048, 2048, 2048, 2048, 2048, 2048, 2048]","[2048, 2048, 2048, 2048, 2048, 2048, 2048]",301.0
1239,9550,11,45,2024-06-30T13:55:42.353000+00:00,17.765,32.045,21.528,291.0,221.0,False,71.338,"[None, 2048, 2048, 2048, 2048, 2048]","[2048, 2048, 2048, 2048, 2048, 2048, 2048]","[2048, 2048, 2048, 2048, 2048, 2048, 2048]",295.0
1239,9550,1,46,2024-06-30T13:56:11.326000+00:00,17.68,31.497,21.111,290.0,226.0,False,70.288,"[None, 2048, 2048, 2048, 2048, 2048]","[2048, 2048, 2048, 2048, 2048, 2048, 2048]","[2048, 2048, 2048, 2048, 2048, 2048, 2048]",300.0
1239,9550,4,46,2024-06-30T13:56:17.969000+00:00,17.577,31.472,21.362,,230.0,False,70.411,"[None, 2048, 2048, 2048, 2048, 2048]","[2048, 2048, 2048, 2048, 2048, 2048, 2048]","[2048, 2048, 2048, 2048, 2048, 2048, 2048]",304.0
1239,9550,16,45,2024-06-30T13:56:18.892000+00:00,17.536,31.327,21.33,297.0,225.0,False,70.193,"[None, 2048, 2048, 2048, 2048, 2048]","[2048, 2048, 2048, 2048, 2048, 2049, 2048]","[2048, 2048, 2049, 2048, 2048, 2048, 2048]",301.0
1239,9550,63,46,2024-06-30T13:56:29.835000+00:00,17.813,32.691,25.183,,226.0,False,75.687,"[None, 2048, 2048, 2048, 2048, 2048]","[2048, 2048, 2048, 2049, 2048, 2049, 2048]","[2048, 2048, 2048, 2048, 2064, 2064, 2064]",311.0
1239,9550,44,46,2024-06-30T13:56:36.432000+00:00,17.602,31.791,21.467,295.0,226.0,False,70.86,"[None, 2048, 2048, 2048, 2048, 2048]","[2048, 2048, 2048, 2048, 2048, 2048, 2048]","[2048, 2048, 2048, 2048, 2048, 2048, 2048]",301.0
1239,9550,11,46,2024-06-30T13:56:53.553000+00:00,17.817,32.003,21.713,290.0,224.0,False,71.533,"[None, 2048, 2048, 2048, 2048, 2048]","[2048, 2048, 2048, 2048, 2048, 2048, 2048]","[2048, 2048, 2048, 2048, 2048, 2048, 2048]",294.0
1239,9550,1,47,2024-06-30T13:57:21.596000+00:00,17.732,31.741,21.185,288.0,226.0,False,70.658,"[None, 2048, 2048, 2048, 2048, 2048]","[2048, 2048, 2049, 2048, 2048, 2048, 2048]","[2048, 2048, 2048, 2048, 2048, 2048, 2048]",296.0
1239,9550,4,47,2024-06-30T13:57:28.276000+00:00,17.68,31.678,21.372,297.0,225.0,False,70.73,"[None, 2048, 2048, 2048, 2048, 2048]","[2048, 2048, 2048, 2048, 2048, 2048, 2048]","[2048, 2048, 2049, 2048, 2048, 2048, 2048]",302.0
1239,9550,16,46,2024-06-30T13:57:29.182000+00:00,17.33,31.797,21.395,310.0,211.0,False,70.522,"[None, 2049, 2048, 2048, 2048, 2048]","[2048, 2048, 2048, 2048, 2048, 2048, 2048]","[2048, 2048, 2048, 2048, 2048, 2048, 2048]",310.0
1239,9550,63,47,2024-06-30T13:57:45.448000+00:00,34.247,31.03,20.867,295.0,234.0,True,86.144,"[2064, 2064, 2064, 2048, 2048, 2048]","[2048, 2048, 2048, 2048, 2048, 2048, 2048]","[2048, 2048, 2048, 2048, 2049, 2048, 2048]",295.0
1239,9550,44,47,2024-06-30T13:57:47.232000+00:00,17.712,32.034,21.537,,225.0,False,71.283,"[None, 2048, 2048, 2048, 2048, 2048]","[2048, 2048, 2048, 2048, 2048, 2048, 2048]","[2048, 2048, 2048, 2048, 2048, 2048]",300.0
1239,9550,11,47,2024-06-30T13:58:05.181000+00:00,17.81,32.086,21.535,291.0,224.0,False,71.431,"[None, 2048, 2048, 2048, 2048, 2048]","[2048, 2048, 2048, 2048, 2048, 2048, 2048]","[2048, 2048, 2048, 2048, 2048, 2048, 2048]",295.0
1239,9550,1,48,2024-06-30T13:58:32.333000+00:00,17.682,31.56,21.118,292.0,228.0,False,70.36,"[None, 2048, 2048, 2048, 2048, 2048]","[2048, 2048, 2048, 2048, 2048, 2049, 2048]","[2048, 2048, 2048, 2048, 2048, 2048, 2048]",302.0
1239,9550,4,48,2024-06-30T13:58:39.135000+00:00,17.679,31.785,21.31,296.0,227.0,False,70.774,"[None, 2048, 2048, 2048, 2048, 2048]","[2048, 2048, 2048, 2048, 2048, 2048, 2048]","[2048, 2048, 2048, 2048, 2048, 2048, 2048]",301.0
1239,9550,16,47,2024-06-30T13:58:39.771000+00:00,17.396,31.98,21.413,309.0,217.0,False,70.789,"[None, 2048, 2048, 2048, 2048, 2048]","[2048, 2048, 2048, 2048, 2048, 2048, 2048]","[2048, 2048, 2048, 2048, 2048, 2048, 2048]",311.0
1239,9550,44,48,2024-06-30T13:58:58.455000+00:00,17.754,32.652,21.536,293.0,227.0,False,71.942,"[None, 2048, 2048, 2048, 2048, 2048]","[2048, 2048, 2048, 2049, 2048, 2048, 2048]","[2048, 2048, 2048, 2048, 2048, 2048, 2049]",315.0
1239,9550,63,48,2024-06-30T13:59:11.665000+00:00,17.464,30.89,20.81,290.0,232.0,False,69.164,"[2048, 2048, 2049, 2049, 2048, 2048]","[2048, 2049, 2048, 2048, 2049, 2049, 2048]","[2049, 2049, 2048, 2048, 2049, 2048, 2048]",297.0
1239,9550,11,48,2024-06-30T13:59:16.635000+00:00,17.772,32.296,21.672,297.0,220.0,False,71.74,"[None, 2048, 2048, 2048, 2048, 2048]","[2048, 2048, 2048, 2048, 2048, 2049, 2048]","[2048, 2048, 2049, 2048, 2048, 2048, 2048]",300.0
1239,9550,1,49,2024-06-30T13:59:42.678000+00:00,17.616,31.605,21.322,,226.0,False,70.543,"[None, 2048, 2048, 2048, 2048, 2048]","[2048, 2048, 2048, 2048, 2048, 2048, 2048]","[2048, 2048, 2048, 2048, 2048, 2048, 2048]",299.0
1239,9550,4,49,2024-06-30T13:59:49.904000+00:00,17.651,31.547,21.246,299.0,230.0,False,70.444,"[None, 2048, 2048, 2048, 2048, 2048]","[2048, 2048, 2048, 2048, 2048, 2048, 2048]","[2048, 2048, 2048, 2048, 2048, 2048, 2048]",301.0
1239,9550,16,48,2024-06-30T13:59:50.565000+00:00,17.301,31.909,21.385,315.0,223.0,False,70.595,"[2049, 2048, 2048, 2048, 2048, 2049]","[2048, 2048, 2048, 2048, 2048, 2048, 2048]","[2048, 2048, 2049, 2048, 2048, 2048, 2048]",312.0
1239,9550,44,49,2024-06-30T14:00:10.458000+00:00,17.42,31.965,21.534,301.0,229.0,False,70.919,"[2049, 2048, 2048, 2048, 2048, 2048]","[2048, 2048, 2048, 2049, 2048, 2048, 2048]","[2048, 2048, 2048, 2048, 2048, 2048, 2048]",311.0
1239,9550,63,49,2024-06-30T14:00:20.884000+00:00,17.449,31.101,20.738,295.0,233.0,False,69.288,"[None, 2048, 2048, 2048, 2048, 2048]","[2048, 2048, 2048, 2048, 2048, 2048, 2048]","[2051, 2049, 2048, 2051, 2049, 2048, 2049]",296.0
1239,9550,11,49,2024-06-30T14:00:28.316000+00:00,17.834,32.309,21.567,294.0,222.0,False,71.71,"[None, 2048, 2048, 2048, 2048, 2048]","[2048, 2048, 2048, 2048, 2048, 2048, 2048]","[2048, 2048, 2048, 2048, 2048, 2048, 2048]",298.0
1239,9550,1,50,2024-06-30T14:00:53.292000+00:00,17.629,31.97,21.139,290.0,228.0,False,70.738,"[None, 2048, 2048, 2048, 2048, 2048]","[2048, 2048, 2048, 2048, 2048, 2048, 2048]","[2048, 2048, 2048, 2048, 2048, 2048, 2048]",302.0
1239,9550,4,50,2024-06-30T14:01:00.388000+00:00,17.539,31.795,21.212,298.0,231.0,False,70.546,"[None, 2048, 2048, 2048, 2048, 2048]","[2048, 2048, 2048, 2048, 2048, 2048, 2048]","[2048, 2048, 2048, 2048, 2048, 2048, 2048]",302.0
1239,9550,16,49,2024-06-30T14:01:01.074000+00:00,17.285,32.027,21.256,308.0,222.0,False,70.568,"[2048, 2048, 2048, 2048, 2048, 2048]","[2048, 2048, 2048, 2048, 2048, 2048, 2048]","[2048, 2048, 2048, 2048, 2048, 2048, 2048]",311.0
1239,9550,44,50,2024-06-30T14:01:21.341000+00:00,17.395,32.064,21.482,303.0,229.0,False,70.941,"[2048, 2048, 2048, 2048, 2048, 2048]","[2048, 2048, 2048, 2048, 2048, 2048, 2048]","[2048, 2048, 2048, 2048, 2048, 2048, 2048]",311.0
1239,9550,63,50,2024-06-30T14:01:30.142000+00:00,17.379,31.16,20.803,297.0,232.0,False,69.342,"[None, 2049, 2048, 2048, 2048, 2048]","[2048, 2048, 2048, 2048, 2048, 2049, 2048]","[2048, 2048, 2049, 2048, 2048, 2048, 2049]",302.0
1239,9550,11,50,2024-06-30T14:01:40.077000+00:00,17.773,32.178,21.503,292.0,222.0,False,71.454,"[None, 2048, 2048, 2048, 2048, 2048]","[2048, 2048, 2048, 2048, 2048, 2048, 2048]","[2048, 2048, 2048, 2048, 2048, 2048, 2048]",298.0
1239,9550,1,51,2024-06-30T14:02:03.842000+00:00,17.59,31.587,24.683,292.0,225.0,False,73.86,"[None, 2048, 2048, 2049, 2048, 2048]","[2048, 2048, 2048, 2048, 2048, 2048, 2048]","[2048, 2048, 2048, 2048, 2064, 2064, 2064]",302.0
1239,9550,4,51,2024-06-30T14:02:10.899000+00:00,17.542,32.163,24.868,,226.0,False,74.573,"[None, 2048, 2048, 2048, 2048, 2048]","[2048, 2048, 2048, 2048, 2048, 2048, 2048]","[2048, 2048, 2048, 2048, 2064, 2064, 2064]",302.0
1239,9550,16,50,2024-06-30T14:02:11.770000+00:00,17.361,32.657,21.721,305.0,211.0,False,71.739,"[None, 2049, 2048, 2048, 2048, 2048]","[2048, 2048, 2049, 2051, 2048, 2048, 2048]","[2048, 2048, 2048, 2048, 2048, 2048, 2048]",315.0
1239,9550,44,51,2024-06-30T14:02:32.336000+00:00,17.686,32.11,21.432,296.0,221.0,False,71.228,"[None, 2048, 2048, 2048, 2048, 2048]","[2048, 2048, 2048, 2048, 2048, 2048, 2048]","[2048, 2048, 2048, 2048, 2048, 2048, 2048]",303.0
1239,9550,63,51,2024-06-30T14:02:39.380000+00:00,17.477,31.446,20.836,294.0,229.0,False,69.759,"[None, 2048, 2048, 2048, 2048, 2048]","[2048, 2048, 2048, 2048, 2048, 2048, 2048]","[2048, 2048, 2048, 2048, 2048, 2051, 2049]",300.0
1239,9550,11,51,2024-06-30T14:02:51.582000+00:00,17.824,32.226,26.213,285.0,222.0,False,76.263,"[None, 2048, 2048, 2048, 2048, 2048]","[2048, 2048, 2048, 2048, 2048, 2048, 2048]","[2048, 2048, 2048, 2048, 2064, 2064, 2064]",294.0
1239,9550,1,52,2024-06-30T14:03:17.785000+00:00,38.994,31.904,20.687,289.0,233.0,True,91.585,"[2064, 2064, 2064, 2048, 2048, 2048]","[2048, 2048, 2049, 2049, 2048, 2048, 2048]","[2048, 2049, 2048, 2049, 2048, 2051, 2049]",302.0
1239,9550,16,51,2024-06-30T14:03:23.472000+00:00,17.306,31.908,24.711,307.0,221.0,False,73.925,"[None, 2049, 2048, 2048, 2048, 2048]","[2048, 2048, 2048, 2048, 2048, 2048, 2048]","[2048, 2048, 2048, 2048, 2064, 2064, 2064]",307.0
1239,9550,4,52,2024-06-30T14:03:25.320000+00:00,34.326,30.752,20.685,295.0,238.0,True,85.763,"[2064, 2064, 2064, 2048, 2048, 2048]","[2048, 2048, 2049, 2048, 2049, 2051, 2048]","[2051, 2051, 2049, 2048, 2048, 2049, 2051]",303.0
1239,9550,44,52,2024-06-30T14:03:43.451000+00:00,17.7,32.222,21.409,293.0,226.0,False,71.331,"[None, 2048, 2048, 2048, 2048, 2048]","[2048, 2048, 2048, 2048, 2048, 2048, 2048]","[2048, 2048, 2048, 2048, 2048, 2048, 2048]",303.0
1239,9550,63,52,2024-06-30T14:03:49.243000+00:00,17.443,31.491,20.947,291.0,230.0,False,69.881,"[None, 2048, 2048, 2049, 2048, 2048]","[2048, 2048, 2048, 2048, 2048, 2048, 2048]","[2048, 2049, 2048, 2048, 2048, 2048, 2048]",301.0
1239,9550,11,52,2024-06-30T14:04:07.817000+00:00,40.513,31.783,21.565,298.0,226.0,True,93.861,"[2064, 2064, 2064, 2048, 2048, 2048]","[2048, 2048, 2049, 2049, 2048, 2048, 2048]","[2048, 2048, 2048, 2048, 2048, 2048, 2049]",313.0
1239,9550,16,52,2024-06-30T14:04:37.304000+00:00,33.883,31.231,20.96,292.0,229.0,True,86.074,"[2064, 2064, 2064, 2048, 2048, 2048]","[2048, 2049, 2048, 2048, 2048, 2048, 2048]","[2048, 2049, 2049, 2048, 2048, 2048, 2049]",302.0
1239,9550,1,53,2024-06-30T14:04:49.468000+00:00,17.348,30.775,20.649,291.0,234.0,False,68.772,"[2048, 2048, 2051, 2049, 2049, 2048]","[2048, 2049, 2048, 2048, 2049, 2049, 2048]","[2048, 2049, 2048, 2048, 2048, 2048, 2049]",301.0
1239,9550,4,53,2024-06-30T14:04:51.326000+00:00,16.897,30.558,20.561,317.0,240.0,False,68.016,"[2051, 2049, 2048, 2051, 2049, 2049]","[2049, 2051, 2049, 2049, 2048, 2048, 2049]","[2051, 2048, 2048, 2049, 2051, 2049, 2048]",308.0
1239,9550,44,53,2024-06-30T14:04:54.995000+00:00,17.614,32.515,25.21,295.0,218.0,False,75.339,"[None, 2048, 2048, 2048, 2048, 2048]","[2048, 2048, 2048, 2048, 2048, 2048, 2048]","[2048, 2048, 2048, 2048, 2064, 2064, 2064]",306.0
1239,9550,63,53,2024-06-30T14:04:59.079000+00:00,17.498,31.465,20.909,293.0,232.0,False,69.872,"[None, 2048, 2048, 2048, 2048, 2048]","[2048, 2048, 2048, 2048, 2048, 2048, 2048]","[2048, 2048, 2048, 2048, 2048, 2048, 2048]",303.0
1239,9550,11,53,2024-06-30T14:05:41.761000+00:00,17.335,31.326,21.056,320.0,225.0,False,69.717,"[2049, 2048, 2048, 2049, 2048, 2048]","[2049, 2048, 2048, 2048, 2048, 2049, 2048]","[2049, 2049, 2048, 2049, 2049, 2049, 2048]",313.0
1239,9550,1,54,2024-06-30T14:05:58.358000+00:00,17.201,31.013,20.575,289.0,232.0,False,68.789,"[2049, 2051, 2051, 2048, 2048, 2048]","[2048, 2048, 2048, 2048, 2048, 2048, 2048]","[2049, 2049, 2048, 2051, 2049, 2048, 2048]",301.0
1239,9550,4,54,2024-06-30T14:05:59.415000+00:00,16.996,30.89,20.543,312.0,237.0,False,68.429,"[2048, 2048, 2049, 2051, 2048, 2048]","[2048, 2048, 2049, 2049, 2048, 2048, 2048]","[2048, 2051, 2048, 2049, 2048, 2049, 2048]",310.0
1239,9550,16,53,2024-06-30T14:06:03.446000+00:00,17.158,31.993,21.583,316.0,221.0,False,70.734,"[2049, 2049, 2048, 2048, 2049, 2049]","[2048, 2048, 2048, 2048, 2048, 2048, 2048]","[2048, 2048, 2048, 2048, 2048, 2048, 2049]",315.0
1239,9550,63,54,2024-06-30T14:06:08.858000+00:00,17.715,31.732,20.925,294.0,231.0,False,70.372,"[None, 2048, 2048, 2048, 2048, 2048]","[2048, 2048, 2048, 2048, 2048, 2048, 2048]","[2048, 2048, 2048, 2048, 2048, 2048, 2048]",301.0
1239,9550,44,54,2024-06-30T14:06:10.260000+00:00,40.39,31.249,21.212,293.0,232.0,True,92.851,"[2064, 2064, 2064, 2048, 2048, 2048]","[2048, 2049, 2048, 2048, 2048, 2048, 2048]","[2048, 2048, 2048, 2048, 2048, 2048, 2048]",295.0
1239,9550,11,54,2024-06-30T14:06:51.287000+00:00,17.714,31.371,21.135,284.0,228.0,False,70.22,"[2048, 2048, 2049, 2048, 2048, 2048]","[2048, 2049, 2048, 2048, 2048, 2048, 2049]","[2049, 2048, 2048, 2048, 2048, 2049, 2048]",293.0
1239,9550,1,55,2024-06-30T14:07:06.965000+00:00,17.325,31.146,20.742,,232.0,False,69.213,"[2048, 2048, 2051, 2049, 2048, 2048]","[2049, 2048, 2049, 2048, 2048, 2049, 2048]","[2048, 2049, 2048, 2048, 2048, 2048, 2048]",301.0
1239,9550,4,55,2024-06-30T14:07:07.734000+00:00,16.924,31.569,20.855,313.0,231.0,False,69.348,"[None, 2051, 2048, 2051, 2048, 2048]","[2049, 2048, 2049, 2049, 2048, 2048, 2048]","[2048, 2048, 2048, 2048, 2048, 2048, 2048]",315.0
1239,9550,16,54,2024-06-30T14:07:14.284000+00:00,17.259,31.348,21.076,318.0,227.0,False,69.683,"[2051, 2048, 2048, 2049, 2051, 2049]","[2048, 2048, 2048, 2048, 2048, 2049, 2048]","[2048, 2048, 2048, 2048, 2049, 2048, 2048]",309.0
1239,9550,63,55,2024-06-30T14:07:19.322000+00:00,17.597,31.437,20.861,296.0,235.0,False,69.895,"[None, 2048, 2048, 2048, 2048, 2048]","[2048, 2048, 2048, 2048, 2048, 2049, 2048]","[2048, 2048, 2048, 2048, 2048, 2048, 2048]",304.0
1239,9550,44,55,2024-06-30T14:07:43.102000+00:00,17.72,31.255,20.988,286.0,232.0,False,69.963,"[2048, 2048, 2048, 2048, 2048, 2048]","[2048, 2048, 2048, 2048, 2048, 2048, 2048]","[2049, 2048, 2048, 2048, 2048, 2049, 2048]",298.0
1239,9550,11,55,2024-06-30T14:08:01.580000+00:00,17.543,31.335,21.209,289.0,225.0,False,70.087,"[None, 2048, 2049, 2048, 2048, 2048]","[2048, 2048, 2048, 2048, 2048, 2048, 2048]","[2048, 2048, 2049, 2048, 2048, 2048, 2049]",296.0
1239,9550,1,56,2024-06-30T14:08:16.314000+00:00,16.933,31.024,20.666,309.0,221.0,False,68.623,"[2049, 2051, 2048, 2049, 2049, 2049]","[2048, 2048, 2048, 2048, 2048, 2048, 2048]","[2048, 2048, 2048, 2049, 2049, 2048, 2048]",297.0
1239,9550,4,56,2024-06-30T14:08:17.099000+00:00,17.116,30.993,20.661,315.0,233.0,False,68.77,"[None, 2048, 2048, 2048, 2048, 2048]","[2048, 2048, 2048, 2048, 2048, 2048, 2048]","[2048, 2048, 2048, 2048, 2048, 2048, 2048]",314.0
1239,9550,16,55,2024-06-30T14:08:23.772000+00:00,17.565,30.99,21.029,290.0,225.0,False,69.584,"[2048, 2048, 2048, 2048, 2048, 2048]","[2048, 2049, 2048, 2048, 2049, 2048, 2048]","[2048, 2048, 2048, 2048, 2048, 2048, 2048]",300.0
1239,9550,63,56,2024-06-30T14:08:29.216000+00:00,17.464,31.315,20.932,297.0,233.0,False,69.711,"[None, 2048, 2048, 2048, 2048, 2048]","[2048, 2048, 2048, 2048, 2048, 2048, 2048]","[2048, 2048, 2048, 2048, 2048, 2048, 2049]",307.0
1239,9550,44,56,2024-06-30T14:08:53.073000+00:00,17.614,31.4,21.078,280.0,229.0,False,70.092,"[None, 2048, 2049, 2048, 2048, 2048]","[2048, 2048, 2048, 2048, 2048, 2048, 2048]","[2048, 2048, 2048, 2048, 2048, 2049, 2048]",297.0
1239,9550,11,56,2024-06-30T14:09:11.673000+00:00,17.111,31.566,21.017,309.0,226.0,False,69.694,"[2049, 2049, 2048, 2048, 2048, 2048]","[2048, 2048, 2049, 2049, 2048, 2048, 2048]","[2048, 2049, 2048, 2049, 2048, 2049, 2048]",324.0
1239,9550,1,57,2024-06-30T14:09:24.777000+00:00,17.273,31.099,20.603,288.0,233.0,False,68.975,"[2048, 2048, 2051, 2048, 2048, 2048]","[2048, 2048, 2048, 2048, 2048, 2048, 2048]","[2048, 2048, 2048, 2048, 2048, 2048, 2048]",304.0
1239,9550,4,57,2024-06-30T14:09:25.820000+00:00,17.11,31.13,20.511,306.0,234.0,False,68.751,"[None, 2048, 2048, 2048, 2048, 2048]","[2048, 2048, 2048, 2048, 2048, 2048, 2048]","[2048, 2048, 2051, 2049, 2049, 2048, 2048]",308.0
1239,9550,16,56,2024-06-30T14:09:33.352000+00:00,17.466,31.228,21.107,295.0,224.0,False,69.801,"[None, 2048, 2049, 2048, 2048, 2048]","[2048, 2048, 2048, 2048, 2048, 2048, 2048]","[2048, 2048, 2048, 2048, 2048, 2048, 2048]",304.0
1239,9550,63,57,2024-06-30T14:09:38.905000+00:00,17.494,31.666,20.904,296.0,229.0,False,70.064,"[None, 2048, 2048, 2048, 2048, 2048]","[2048, 2048, 2048, 2048, 2048, 2048, 2048]","[2048, 2048, 2049, 2048, 2048, 2048, 2048]",307.0
1239,9550,44,57,2024-06-30T14:10:03.172000+00:00,17.53,31.435,21.079,286.0,219.0,False,70.044,"[None, 2048, 2049, 2048, 2048, 2048]","[2048, 2048, 2048, 2048, 2048, 2048, 2048]","[2048, 2048, 2048, 2048, 2048, 2048, 2048]",301.0
1239,9550,11,57,2024-06-30T14:10:21.267000+00:00,17.551,31.566,21.07,285.0,227.0,False,70.187,"[2048, 2048, 2049, 2048, 2048, 2048]","[2048, 2048, 2048, 2048, 2048, 2048, 2049]","[2048, 2048, 2048, 2049, 2049, 2049, 2048]",293.0
1239,9550,1,58,2024-06-30T14:10:33.697000+00:00,17.396,31.183,20.604,,231.0,False,69.183,"[None, 2048, 2048, 2048, 2048, 2048]","[2048, 2048, 2048, 2048, 2048, 2048, 2048]","[2048, 2048, 2048, 2048, 2048, 2048, 2048]",304.0
1239,9550,4,58,2024-06-30T14:10:34.589000+00:00,17.068,31.441,20.652,312.0,236.0,False,69.161,"[None, 2048, 2048, 2048, 2048, 2048]","[2048, 2048, 2048, 2048, 2048, 2048, 2048]","[2048, 2048, 2048, 2048, 2048, 2048, 2048]",308.0
1239,9550,16,57,2024-06-30T14:10:43.223000+00:00,17.275,31.539,20.873,311.0,227.0,False,69.687,"[None, 2048, 2048, 2048, 2048, 2048]","[2048, 2048, 2048, 2048, 2048, 2048, 2048]","[2048, 2049, 2048, 2049, 2049, 2049]",313.0
1239,9550,63,58,2024-06-30T14:10:49.010000+00:00,17.453,31.634,20.915,302.0,229.0,False,70.002,"[None, 2048, 2048, 2048, 2048, 2048]","[2048, 2048, 2048, 2049, 2048, 2048, 2048]","[2048, 2048, 2049, 2048, 2048, 2048, 2049]",321.0
1239,9550,44,58,2024-06-30T14:11:13.138000+00:00,17.538,31.489,20.878,285.0,234.0,False,69.905,"[None, 2048, 2048, 2049, 2048, 2048]","[2048, 2048, 2048, 2048, 2048, 2048, 2048]","[2048, 2048, 2048, 2049, 2048, 2049, 2048]",299.0
1239,9550,11,58,2024-06-30T14:11:31.673000+00:00,17.561,31.45,21.14,286.0,226.0,False,70.151,"[None, 2048, 2048, 2048, 2048, 2048]","[2048, 2048, 2048, 2048, 2048, 2048, 2048]","[2048, 2048, 2048, 2048, 2048, 2048, 2048]",295.0
1239,9550,1,59,2024-06-30T14:11:42.971000+00:00,17.447,32.49,20.709,291.0,234.0,False,70.646,"[None, 2048, 2048, 2048, 2048, 2048]","[2048, 2048, 2049, 2049, 2048, 2048, 2048]","[2048, 2048, 2048, 2048, 2048, 2048, 2048]",306.0
1239,9550,4,59,2024-06-30T14:11:43.622000+00:00,17.066,32.741,20.819,321.0,236.0,False,70.626,"[None, 2048, 2048, 2048, 2048, 2049]","[2051, 2048, 2048, 2048, 2048, 2048, 2048]","[2048, 2048, 2048, 2048, 2048, 2048, 2048]",293.0
1239,9550,16,58,2024-06-30T14:11:52.783000+00:00,17.464,31.156,21.029,294.0,231.0,False,69.649,"[None, 2048, 2048, 2048, 2048, 2048]","[2048, 2048, 2048, 2048, 2048, 2048, 2049]","[2048, 2048, 2048, 2049, 2048, 2048, 2048]",300.0
1239,9550,63,59,2024-06-30T14:11:59.060000+00:00,17.354,31.717,20.89,309.0,231.0,False,69.961,"[None, 2048, 2048, 2049, 2049, 2049]","[2048, 2048, 2048, 2048, 2048, 2048, 2048]","[2048, 2048, 2048, 2048, 2048, 2048, 2049]",299.0
1239,9550,44,59,2024-06-30T14:12:23.099000+00:00,17.52,31.213,21.059,286.0,233.0,False,69.792,"[None, 2048, 2048, 2049, 2048, 2048]","[2048, 2048, 2048, 2048, 2048, 2048, 2048]","[2048, 2048, 2048, 2048, 2048, 2048, 2048]",300.0
1239,9550,11,59,2024-06-30T14:12:41.770000+00:00,17.559,31.776,21.279,299.0,223.0,False,70.614,"[None, 2048, 2048, 2048, 2048, 2048]","[2048, 2048, 2048, 2048, 2048, 2048, 2048]","[2048, 2048, 2048, 2048, 2048, 2048, 2048]",294.0
1239,9550,1,60,2024-06-30T14:12:53.676000+00:00,17.449,31.233,20.717,289.0,231.0,False,69.399,"[None, 2048, 2048, 2048, 2048, 2048]","[2048, 2048, 2048, 2048, 2048, 2049, 2048]","[2048, 2048, 2048, 2048, 2048, 2048, 2048]",304.0
1239,9550,4,60,2024-06-30T14:12:54.371000+00:00,17.27,31.434,20.652,309.0,231.0,False,69.356,"[None, 2048, 2048, 2048, 2048, 2048]","[2048, 2048, 2048, 2048, 2048, 2048, 2048]","[2048, 2048, 2048, 2048, 2048, 2048, 2048]",316.0
1239,9550,16,59,2024-06-30T14:13:02.637000+00:00,17.53,31.352,21.403,293.0,228.0,False,70.285,"[None, 2048, 2048, 2048, 2048, 2048]","[2048, 2048, 2048, 2048, 2048, 2048, 2048]","[2048, 2048, 2048, 2048, 2048, 2048, 2048]",314.0
1239,9550,63,60,2024-06-30T14:13:08.954000+00:00,17.639,31.584,20.842,294.0,231.0,False,70.065,"[None, 2048, 2048, 2048, 2048, 2048]","[2048, 2048, 2048, 2048, 2048, 2048, 2048]","[2048, 2048, 2048, 2049, 2048, 2048, 2048]",303.0
1239,9550,44,60,2024-06-30T14:13:32.941000+00:00,17.551,31.271,20.988,287.0,233.0,False,69.81,"[None, 2048, 2048, 2048, 2048, 2048]","[2048, 2048, 2048, 2048, 2048, 2048, 2048]","[2048, 2048, 2048, 2048, 2048, 2048, 2048]",299.0
1239,9550,11,60,2024-06-30T14:13:52.228000+00:00,17.289,31.945,21.444,307.0,216.0,False,70.678,"[None, 2048, 2048, 2049, 2048, 2048]","[2048, 2048, 2048, 2048, 2048, 2049, 2048]","[2048, 2048, 2048, 2048, 2048, 2048, 2048]",309.0
1239,9550,1,61,2024-06-30T14:14:03.018000+00:00,17.47,31.821,20.712,293.0,233.0,False,70.003,"[None, 2048, 2048, 2048, 2048, 2048]","[2048, 2048, 2048, 2048, 2048, 2049, 2048]","[2048, 2048, 2048, 2048, 2048, 2048, 2048]",305.0
1239,9550,4,61,2024-06-30T14:14:03.659000+00:00,17.086,32.125,20.826,321.0,234.0,False,70.037,"[None, 2048, 2048, 2048, 2048, 2048]","[2048, 2048, 2049, 2049, 2048, 2048, 2048]","[2048, 2048, 2048, 2048, 2048, 2048, 2048]",312.0
1239,9550,16,60,2024-06-30T14:14:13+00:00,17.353,31.855,21.152,302.0,230.0,False,70.36,"[None, 2048, 2048, 2048, 2048, 2048]","[2048, 2048, 2048, 2048, 2048, 2048, 2048]","[2048, 2048, 2048, 2048, 2048, 2048, 2048]",319.0
1239,9550,63,61,2024-06-30T14:14:18.936000+00:00,17.426,31.398,20.787,300.0,231.0,False,69.611,"[None, 2048, 2048, 2048, 2048, 2048]","[2048, 2048, 2048, 2048, 2048, 2049, 2048]","[2048, 2048, 2048, 2048, 2048, 2048, 2048]",306.0
1239,9550,44,61,2024-06-30T14:14:42.667000+00:00,17.522,31.111,20.929,,233.0,False,69.562,"[None, 2048, 2048, 2048, 2048, 2048]","[2048, 2048, 2048, 2048, 2048, 2048, 2048]","[2048, 2049, 2048, 2048, 2048, 2048, 2048]",299.0
1239,9550,11,61,2024-06-30T14:15:02.967000+00:00,17.192,32.184,21.367,308.0,221.0,False,70.743,"[2049, 2048, 2048, 2048, 2048, 2048]","[2048, 2048, 2048, 2048, 2048, 2048, 2048]","[2048, 2048, 2048, 2048, 2048, 2048, 2048]",307.0
1239,9550,1,62,2024-06-30T14:15:13.065000+00:00,17.514,31.246,20.768,291.0,231.0,False,69.528,"[None, 2048, 2048, 2048, 2048, 2048]","[2048, 2048, 2048, 2048, 2048, 2048, 2048]","[2048, 2048, 2048, 2048, 2048, 2048, 2048]",301.0
1239,9550,4,62,2024-06-30T14:15:13.665000+00:00,17.182,31.527,20.8,310.0,234.0,False,69.509,"[None, 2048, 2048, 2048, 2048, 2048]","[2048, 2048, 2048, 2048, 2048, 2048, 2048]","[2048, 2048, 2048, 2048, 2048, 2048, 2048]",316.0
1239,9550,16,61,2024-06-30T14:15:23.198000+00:00,17.593,31.275,21.063,294.0,230.0,False,69.931,"[None, 2048, 2048, 2048, 2048, 2048]","[2048, 2048, 2048, 2048, 2048, 2048, 2048]","[2048, 2048, 2048, 2048, 2048, 2048, 2048]",302.0
1239,9550,63,62,2024-06-30T14:15:28.663000+00:00,17.47,31.58,21.0,304.0,230.0,False,70.05,"[None, 2049, 2048, 2048, 2048, 2048]","[2048, 2048, 2048, 2048, 2048, 2049, 2048]","[2048, 2048, 2048, 2048, 2048, 2048, 2048]",309.0
1239,9550,44,62,2024-06-30T14:15:52.299000+00:00,17.505,31.466,21.134,,226.0,False,70.105,"[None, 2048, 2048, 2048, 2048, 2048]","[2048, 2048, 2048, 2048, 2048, 2048, 2048]","[2048, 2048, 2048, 2048, 2048, 2048, 2048]",299.0
1239,9550,11,62,2024-06-30T14:16:13.720000+00:00,17.169,31.922,21.366,320.0,219.0,False,70.457,"[2048, 2048, 2048, 2048, 2048, 2048]","[2048, 2048, 2048, 2048, 2048, 2048, 2048]","[2048, 2048, 2048, 2048, 2048, 2048, 2048]",321.0
1239,9550,1,63,2024-06-30T14:16:22.610000+00:00,17.523,31.887,21.002,288.0,232.0,False,70.412,"[None, 2048, 2048, 2048, 2048, 2048]","[2048, 2048, 2048, 2048, 2048, 2048, 2048]","[2048, 2048, 2048, 2048, 2048, 2048, 2048]",303.0
1239,9550,4,63,2024-06-30T14:16:23.176000+00:00,17.195,32.111,20.928,313.0,232.0,False,70.234,"[None, 2048, 2048, 2048, 2048, 2048]","[2048, 2048, 2048, 2048, 2048, 2048, 2048]","[2048, 2048, 2048, 2048, 2048, 2048, 2048]",316.0
1239,9550,16,62,2024-06-30T14:16:33.276000+00:00,17.247,31.664,20.946,310.0,229.0,False,69.857,"[None, 2049, 2048, 2048, 2048, 2048]","[2048, 2048, 2048, 2048, 2048, 2048, 2048]","[2048, 2048, 2048, 2049, 2048, 2049, 2048]",323.0
1239,9550,63,63,2024-06-30T14:16:38.639000+00:00,17.516,31.571,20.955,302.0,231.0,False,70.042,"[None, 2048, 2048, 2048, 2048, 2048]","[2048, 2048, 2048, 2048, 2048, 2048, 2048]","[2048, 2048, 2048, 2048, 2049, 2048, 2048]",306.0
1239,9550,44,63,2024-06-30T14:17:02.334000+00:00,17.497,31.145,20.995,293.0,230.0,False,69.637,"[None, 2048, 2048, 2048, 2048, 2048]","[2048, 2048, 2048, 2048, 2049, 2048, 2048]","[2048, 2048, 2048, 2048, 2048, 2048, 2048]",302.0
1239,9550,11,63,2024-06-30T14:17:24.202000+00:00,17.377,31.949,21.545,308.0,223.0,False,70.871,"[None, 2048, 2048, 2048, 2048, 2048]","[2048, 2048, 2048, 2048, 2048, 2048, 2048]","[2048, 2048, 2048, 2048, 2048, 2048, 2048]",323.0
1239,9550,1,64,2024-06-30T14:17:32.926000+00:00,17.573,45.543,34.887,291.0,180.0,False,98.003,"[None, 2048, 2048, 2048, 2048, 2048]","[2048, 2048, 2048, 2048, 2048, 2048, 2048]","[2048, 2048, 2048, 2048, 2064, 2064, 2064]",255.0
1239,9550,4,64,2024-06-30T14:17:33.436000+00:00,17.309,41.854,61.094,316.0,117.0,False,120.257,"[None, 2048, 2048, 2048, 2048, 2048]","[2048, 2048, 2048, 2048, 2048, 2048, 2048]","[2048, 2048, 2048, 2048, 2064, 2064, 2064]",248.0
1239,9550,16,63,2024-06-30T14:17:43.056000+00:00,17.557,31.666,21.295,292.0,218.0,False,70.518,"[None, 2048, 2048, 2048, 2048, 2048]","[2048, 2048, 2048, 2048, 2048, 2048, 2048]","[2048, 2048, 2048, 2048, 2048, 2048, 2048]",302.0
1239,9550,63,64,2024-06-30T14:17:48.727000+00:00,17.592,31.682,21.65,297.0,227.0,False,70.924,"[None, 2048, 2048, 2048, 2048, 2048]","[2048, 2048, 2048, 2048, 2048, 2048, 2048]","[2048, 2048, 2048, 2048, 2048, 2048]",308.0
1239,9550,44,64,2024-06-30T14:18:12.065000+00:00,17.513,31.445,21.022,287.0,229.0,False,69.98,"[None, 2049, 2048, 2048, 2048, 2048]","[2048, 2048, 2048, 2048, 2048, 2048, 2048]","[2048, 2049, 2048, 2048, 2048, 2048, 2049]",300.0
1239,9550,11,64,2024-06-30T14:18:35.075000+00:00,17.298,32.395,21.64,313.0,219.0,False,71.333,"[2049, 2048, 2048, 2048, 2048, 2048]","[2048, 2048, 2049, 2048, 2048, 2048, 2048]","[2048, 2048, 2048, 2048, 2048, 2048, 2048]",314.0
1239,9550,16,64,2024-06-30T14:18:53.513000+00:00,17.462,31.386,21.244,289.0,227.0,False,70.092,"[None, 2048, 2048, 2048, 2048, 2048]","[2048, 2048, 2048, 2048, 2048, 2048, 2048]","[2048, 2048, 2048, 2048, 2048, 2048]",301.0
1239,9550,63,65,2024-06-30T14:18:59.527000+00:00,17.397,31.854,21.027,309.0,230.0,False,70.278,"[None, 2048, 2048, 2048, 2049, 2048]","[2048, 2048, 2048, 2048, 2048, 2048, 2048]","[2048, 2048, 2048, 2048, 2048, 2048, 2048]",305.0
1239,9550,1,65,2024-06-30T14:19:11.117000+00:00,35.681,30.639,27.377,285.0,240.0,True,93.697,"[2064, 2064, 2064, 2048, 2048, 2048]","[2048, 2048, 2049, 2048, 2048, 2048, 2051]","[2051, 2048, 2048, 2048, 2048, 2048, 2048]",302.0
1239,9550,44,65,2024-06-30T14:19:21.965000+00:00,17.345,31.267,25.894,291.0,231.0,False,74.506,"[None, 2049, 2048, 2048, 2048, 2048]","[2048, 2048, 2048, 2048, 2048, 2048, 2048]","[2048, 2049, 2049, 2049, 2048, 2048, 2048]",305.0
1239,9550,4,65,2024-06-30T14:19:33.650000+00:00,,,,,,False,,,,,
1239,9550,11,65,2024-06-30T14:19:46.346000+00:00,17.301,37.963,29.432,319.0,193.0,False,84.696,"[2048, 2048, 2048, 2049, 2048, 2048]","[2048, 2048, 2048, 2048, 2048, 2048, 2048]","[2048, 2048, 2048, 2048, 2048, 2048, 2048]",312.0
1239,9550,16,65,2024-06-30T14:20:03.576000+00:00,17.736,42.754,26.355,293.0,187.0,False,86.845,"[None, 2048, 2048, 2048, 2048, 2048]","[2048, 2048, 2048, 2048, 2048, 2048, 2048]","[2048, 2048, 2048, 2048, 2048, 2048]",264.0
1239,9550,63,66,2024-06-30T14:20:09.857000+00:00,18.084,44.858,23.99,179.0,194.0,False,86.932,"[None, 2048, 2048, 2048, 2048, 2048]","[2048, 2048, 2048, 2048, 2048, 2048, 2048]","[2048, 2048, 2048, 2048, 2048, 2048, 2048]",260.0
1239,9550,44,66,2024-06-30T14:20:36.503000+00:00,23.044,37.27,20.798,200.0,235.0,False,81.112,"[None, 2048, 2048, 2048, 2048, 2048]","[2048, 2048, 2048, 2048, 2048, 2049, 2048]","[2049, 2048, 2049, 2048, 2049, 2048, 2048]",218.0
1239,9550,1,66,2024-06-30T14:20:44.625000+00:00,30.956,32.139,20.624,241.0,240.0,False,83.719,"[2048, 2048, 2048, 2048, 2048, 2048]","[2048, 2048, 2048, 2048, 2049, 2048, 2051]","[2048, 2051, 2048, 2048, 2048, 2048, 2048]",300.0
1239,9550,11,66,2024-06-30T14:21:10.888000+00:00,21.202,32.002,21.38,295.0,220.0,False,74.584,"[None, 2048, 2048, 2048, 2048, 2048]","[2048, 2048, 2048, 2048, 2048, 2048, 2048]","[2048, 2048, 2048, 2048, 2048, 2048, 2048]",313.0
1239,9550,16,66,2024-06-30T14:21:30.286000+00:00,17.483,31.19,21.103,291.0,233.0,False,69.776,"[None, 2048, 2049, 2048, 2048, 2048]","[2048, 2048, 2048, 2048, 2048, 2048, 2049]","[2048, 2048, 2048, 2048, 2048, 2048, 2048]",301.0
1239,9550,63,67,2024-06-30T14:21:36.968000+00:00,17.227,31.372,20.753,317.0,238.0,False,69.352,"[None, 2048, 2048, 2049, 2049, 2049]","[2048, 2048, 2048, 2048, 2048, 2048, 2048]","[2048, 2049, 2048, 2048, 2048, 2048, 2048]",308.0
1239,9550,44,67,2024-06-30T14:21:57.556000+00:00,17.413,31.119,21.06,288.0,232.0,False,69.592,"[None, 2048, 2048, 2048, 2048, 2048]","[2049, 2048, 2048, 2048, 2048, 2048, 2048]","[2048, 2048, 2048, 2048, 2048, 2048, 2048]",303.0
1239,9550,1,67,2024-06-30T14:22:08.296000+00:00,17.347,32.344,22.0,286.0,213.0,False,71.691,"[None, 2048, 2051, 2048, 2048, 2048]","[2048, 2049, 2048, 2048, 2048, 2048, 2048]","[2048, 2048, 2048, 2048, 2048, 2051, 2048]",290.0
1239,9550,11,67,2024-06-30T14:22:25.908000+00:00,17.321,32.317,21.439,320.0,219.0,False,71.077,"[None, 2048, 2048, 2048, 2048, 2048]","[2049, 2048, 2048, 2048, 2048, 2048, 2048]","[2048, 2048, 2048, 2048, 2048, 2048, 2048]",312.0
1239,9550,16,67,2024-06-30T14:22:40.299000+00:00,17.629,31.453,21.271,,227.0,False,70.353,"[None, 2048, 2048, 2048, 2048, 2048]","[2048, 2048, 2048, 2048, 2048, 2048, 2048]","[2048, 2048, 2048, 2048, 2048, 2048, 2048]",299.0
1239,9550,63,68,2024-06-30T14:22:46.143000+00:00,17.449,31.317,20.879,294.0,236.0,False,69.645,"[None, 2049, 2048, 2048, 2048, 2048]","[2048, 2048, 2048, 2048, 2048, 2048, 2048]","[2048, 2048, 2048, 2048, 2048, 2048, 2048]",305.0
1239,9550,44,68,2024-06-30T14:23:07.240000+00:00,17.596,31.195,21.069,,233.0,False,69.86,"[None, 2048, 2048, 2048, 2048, 2048]","[2048, 2048, 2048, 2048, 2048, 2048, 2048]","[2048, 2048, 2048, 2048, 2048, 2048, 2048]",302.0
1239,9550,1,68,2024-06-30T14:23:20.133000+00:00,17.142,30.279,20.298,297.0,239.0,False,67.719,"[None, 2048, 2051, 2048, 2048, 2048]","[2048, 2048, 2048, 2048, 2051, 2049, 2051]","[2051, 2048, 2049, 2048, 2049, 2048, 2048]",307.0
1239,9550,11,68,2024-06-30T14:23:36.803000+00:00,17.193,32.303,21.22,,223.0,False,70.716,"[2049, 2048, 2048, 2048, 2048, 2048]","[2049, 2048, 2048, 2048, 2048, 2048, 2048]","[2048, 2048, 2048, 2048, 2048, 2048, 2049]",301.0
1239,9550,16,68,2024-06-30T14:23:50.551000+00:00,17.506,31.755,21.152,294.0,227.0,False,70.413,"[None, 2048, 2048, 2048, 2048, 2048]","[2048, 2048, 2048, 2048, 2048, 2048, 2048]","[2048, 2048, 2049, 2048, 2048, 2048, 2048]",304.0
1239,9550,63,69,2024-06-30T14:23:55.882000+00:00,17.5,31.45,20.797,299.0,235.0,False,69.747,"[None, 2048, 2048, 2048, 2048, 2048]","[2048, 2048, 2048, 2048, 2048, 2048, 2048]","[2048, 2049, 2049, 2048, 2048, 2048, 2048]",309.0
1239,9550,44,69,2024-06-30T14:24:17.060000+00:00,17.542,31.584,21.312,291.0,226.0,False,70.438,"[None, 2048, 2048, 2048, 2048, 2048]","[2048, 2048, 2048, 2048, 2048, 2048, 2048]","[2048, 2048, 2048, 2048, 2048, 2048, 2048]",302.0
1239,9550,1,69,2024-06-30T14:24:27.916000+00:00,17.252,30.674,20.395,289.0,235.0,False,68.321,"[None, 2048, 2048, 2048, 2048, 2048]","[2048, 2048, 2048, 2048, 2048, 2048, 2048]","[2048, 2048, 2048, 2049, 2048, 2048, 2048]",298.0
1239,9550,11,69,2024-06-30T14:24:47.517000+00:00,17.08,32.081,21.239,,217.0,False,70.4,"[None, 2048, 2048, 2048, 2048, 2048]","[2048, 2048, 2048, 2048, 2048, 2048, 2048]","[2048, 2048, 2048, 2048, 2048, 2048, 2048]",306.0
1239,9550,16,69,2024-06-30T14:25:01.066000+00:00,17.269,32.231,21.239,312.0,219.0,False,70.739,"[None, 2048, 2048, 2048, 2048, 2048]","[2048, 2048, 2048, 2048, 2048, 2048, 2048]","[2048, 2048, 2048, 2048, 2048, 2048, 2048]",322.0
1239,9550,63,70,2024-06-30T14:25:05.586000+00:00,17.452,31.391,20.784,301.0,231.0,False,69.627,"[None, 2048, 2048, 2048, 2048, 2048]","[2048, 2048, 2048, 2048, 2048, 2049, 2048]","[2048, 2048, 2049, 2048, 2048, 2048, 2048]",307.0
1239,9550,44,70,2024-06-30T14:25:27.594000+00:00,17.565,31.715,21.365,290.0,222.0,False,70.645,"[None, 2048, 2048, 2048, 2048, 2048]","[2048, 2048, 2048, 2048, 2048, 2048, 2048]","[2048, 2048, 2048, 2048, 2048, 2048, 2048]",299.0
1239,9550,1,70,2024-06-30T14:25:36.189000+00:00,17.214,30.512,20.346,290.0,238.0,False,68.072,"[None, 2048, 2048, 2048, 2048, 2048]","[2048, 2051, 2048, 2048, 2048, 2048, 2048]","[2048, 2048, 2048, 2049, 2048, 2048, 2048]",296.0
1239,9550,11,70,2024-06-30T14:25:57.849000+00:00,17.109,31.773,21.342,,221.0,False,70.224,"[2048, 2049, 2048, 2048, 2048, 2048]","[2048, 2048, 2048, 2048, 2048, 2048, 2048]","[2048, 2048, 2048, 2048, 2048, 2048, 2048]",317.0
1239,9550,16,70,2024-06-30T14:26:11.704000+00:00,17.246,31.868,21.374,320.0,227.0,False,70.488,"[None, 2048, 2048, 2048, 2048, 2048]","[2049, 2048, 2048, 2048, 2048, 2048, 2048]","[2048, 2048, 2048, 2048, 2048, 2048, 2048]",318.0
1239,9550,63,71,2024-06-30T14:26:15.187000+00:00,17.386,31.58,21.227,,233.0,False,70.193,"[None, 2048, 2048, 2048, 2048, 2048]","[2048, 2048, 2048, 2048, 2048, 2051, 2048]","[2048, 2048, 2048, 2048, 2048, 2048, 2048]",307.0
1239,9550,44,71,2024-06-30T14:26:38.786000+00:00,17.51,31.398,21.505,300.0,226.0,False,70.413,"[None, 2048, 2048, 2048, 2048, 2048]","[2048, 2048, 2048, 2048, 2048, 2048, 2048]","[2048, 2048, 2048, 2048, 2048, 2048, 2048]",306.0
1239,9550,1,71,2024-06-30T14:26:44.268000+00:00,17.243,30.64,20.635,288.0,238.0,False,68.518,"[None, 2048, 2048, 2048, 2048, 2048]","[2048, 2048, 2048, 2048, 2048, 2048, 2048]","[2048, 2048, 2048, 2048, 2048, 2048, 2048]",298.0
1239,9550,11,71,2024-06-30T14:27:08.183000+00:00,17.843,32.632,21.503,317.0,223.0,False,71.978,"[2049, 2048, 2048, 2048, 2048, 2048]","[2048, 2048, 2048, 2048, 2048, 2048, 2048]","[2048, 2048, 2048, 2048, 2048, 2048, 2048]",304.0
1239,9550,16,71,2024-06-30T14:27:22.215000+00:00,17.627,31.486,21.143,303.0,230.0,False,70.256,"[None, 2048, 2048, 2048, 2048, 2048]","[2048, 2048, 2048, 2048, 2048, 2049, 2048]","[2048, 2048, 2048, 2048, 2048, 2048, 2048]",307.0
1239,9550,63,72,2024-06-30T14:27:25.357000+00:00,,,,,,False,,"[None, 2048, 2048, 2048, 2048, 2048]","[2048, 2048, 2048, 2048, 2048, 2048, 2048]",[2048],
